#CODE;ENGLISH;FRENCH;GERMAN;;SPANISH;;;;;;;;;;x
#### City of Wonders ####;;;;;;;;;;;;;;;
wonder_city_of_wonders;City of Wonders;City of Wonders;City of Wonders;;City of Wonders;;;;;;;;;;x
wonder_city_of_wonders_desc;The start phase of our projected city has finally begun. The bickering architects and engineers have drafted plans that with the current estimate will take over a century to complete. By all accounts the city shall not be completed in a single generation, but in multiple.;;;;;;;;;;;;;;x
wonder_city_of_wonders_construction_desc;By carefully investing in our capital, we can turn it into a magnificent Megalopolis that will outrival any other cities in the world. It shall become a City of Wonders.;;;;;;;;;;;;;;x
#### City of Wonders DYNAMIC NAMES ####;;;;;;;;;;;;;;;
String_location_cow;[target_province.GetName];;;;;;;;;;;;;;x # Stage 1 - Wonder
String_location_cow2;Great City of [target_province.GetName];;;;;;;;;;;;;;x # Stage 3 - Wonder
String_location_cow3;Metropolis of [target_province.GetName];;;;;;;;;;;;;;x # Stage 6 - Wonder
String_location_cow4;Megalopolis of [target_province.GetName];;;;;;;;;;;;;;x # Stage 9 - Wonder
#### City of Wonders DESC ####;;;;;;;;;;;;;;;
wonder_city_of_wonders1_desc;[target_province.GetName] has been expanded into a proper city, but there still much to do. Many older buildings have been demolished to make room for many of the new districts that shall contain many of this city’s future wonders. Still, there is much to do, as you cannot even visit a single district without seeing it marred by construction work.;;;;;;;;;;;;;;x # Stage 1
wonder_city_of_wonders2_desc;After much time and effort, [target_province.GetName] has turned into something everyone can agree is a Great City. Monuments and decorations have started to mark [target_province.GetName] as something extraordinary. Still, there is much to do, and the city requires quite a few more wonders before it can truly be called a City of Wonders.;;;;;;;;;;;;;;x # Stage 3
wonder_city_of_wonders3_desc;[target_province.GetName] has undeniably become a Metropolis, that is quite possibly not just the center of the realm, but also a epicenter of the region it inhabits. It has by most margins become the most important post of every major trade route in the known world. Many districts have been built, and quite a few great works and monuments have raised. While the city is one of the greatest in the known world, there is still much work and renovations left before the city can reach it's apex.;;;;;;;;;;;;;;x # Stage 6
wonder_city_of_wonders4_desc;[target_province.GetName] has incontestably grown into a fully-fledged Megalopolis, quite conceivably the greatest city ever built. Pedestrians can walk miles without seeing an apparent end to the city. In any district of the city you can find radiant wonders and great works never before seen beyond the city walls. It may have taken a few generations to accomplish this, and cost some blood, sweat, and wealth beyond imagining – but any who walks the beautifully paved streets of [target_province.GetName] agrees that any sacrifice would be worth it for such a magnificent city. It truly has become a City of Wonders!;;;;;;;;;;;;;;x # Stage 9
#### Cities of Wonders AGOT ####;;;;;;;;;;;;;;;
wonder_city_of_wonders_agot;[FromFromFrom.GetName];;;;;;;;;;;;;;x
wonder_city_of_wonders_agot_desc;The start phase of our projected city has finally begun. The bickering architects and engineers have drafted plans that with the current estimate will take over a century to complete. By all accounts the city shall not be completed in a single generation, but in multiple.;;;;;;;;;;;;;;x
wonder_city_of_wonders_agot_construction_desc;By carefully investing in our capital, we can turn it into a magnificent Megalopolis that will outrival any other cities in the world. It shall become a City of Wonders.;;;;;;;;;;;;;;x
#### City of Wonders AGOT HISTORY FILE DESC ####  Only used for province history files! ##;;;;;;;;;;;;;;;
wonder_city_of_wonders1_agot_desc;This city has been expanded into a proper city, but there still much to do. Many older buildings have been demolished to make room for many of the new districts that shall contain many of this city’s future wonders. Still, there is much to do, as you cannot even visit a single district without seeing it marred by construction work.;;;;;;;;;;;;;;x # Stage 1
wonder_city_of_wonders2_agot_desc;After much time and effort, the city has turned into something everyone can agree is a Great City. Monuments and decorations have started to mark the city as something extraordinary. Still, there is much to do, and the city requires quite a few more wonders before it can truly be called a City of Wonders.;;;;;;;;;;;;;;x # Stage 3
wonder_city_of_wonders3_agot_desc;This city has undeniably become a Metropolis, that is quite possibly not just the center of the realm, but also a epicenter of the region it inhabits. It has by most margins become the most important post of every major trade route in the known world. Many districts have been built, and quite a few great works and monuments have raised. While the city is one of the greatest in the known world, there is still much work and renovations left before the city can reach it's apex.;;;;;;;;;;;;;;x # Stage 6
wonder_city_of_wonders4_agot_desc;This city has incontestably grown into a fully-fledged Megalopolis, quite conceivably the greatest city ever built. Pedestrians can walk miles without seeing an apparent end to the city. In any district of the city you can find radiant wonders and great works never before seen beyond the city walls. It may have taken a few generations to accomplish this, and cost some blood, sweat, and wealth beyond imagining – but any who walks the beautifully paved streets of the city agrees that any sacrifice would be worth it for such a magnificent city. It truly has become a City of Wonders!;;;;;;;;;;;;;;x # Stage 9
#### Cities of Wonders UNIQUE-AGOT ####;;;;;;;;;;;;;;;
wonder_city_of_wonders_PLACEHOLDER;[FromFromFrom.GetName];;;;;;;;;;;;;;x
wonder_city_of_wonders_PLACEHOLDER_desc;PLACEHOLDER;;;;;;;;;;;;;;x
wonder_city_of_wonders_PLACEHOLDER_construction_desc;PLACEHOLDER;;;;;;;;;;;;;;x
### VOLANTIS ## OLD VOLANTIS ###;;;;;;;;;;;;;;;
wonder_city_of_wonders_volantis;[FromFromFrom.GetName];;;;;;;;;;;;;;x
wonder_city_of_wonders_volantis_desc;The last bastion of the Freehold, the grand city of Volantis is the largest and most powerful of the Free Cities. Sprawling across the mouth of the Rhoyne, Old Volantis is a city of wonders. Built by the Valyrians, the Long Bridge across the Rhoyne is a structural masterpiece. It connects Old Volantis with the western part of the city. The massive Black Walls in the east are home to the proud descendants of the dragonlords. Outside the Walls is the magnificent Temple of the Lord of Light. Three times the size of the Great Sept of Baelor, it is the center of the Rhllor faith in Essos.;;;;;;;;;;;;;;x
wonder_city_of_wonders_volantis_construction_desc;The last bastion of the Freehold, the grand city of Volantis is the largest and most powerful of the Free Cities. Sprawling across the mouth of the Rhoyne, Old Volantis is a city of wonders. The massive Black Walls in the east are home to the proud descendants of the dragonlords. Outside the Walls is the magnificent Temple of the Lord of Light. Three times the size of the Great Sept of Baelor, it is the center of the Rhllor faith in Essos.;;;;;;;;;;;;;;x
### BRAAVOS ###;;;;;;;;;;;;;;;
wonder_city_of_wonders_braavos;[FromFromFrom.GetName];;;;;;;;;;;;;;x
wonder_city_of_wonders_braavos_desc;The bastard daughter of Valyria is the richest of all nine of the Free Cities, even more than Volantis. The tall Titan of Braavos welcomes ships that enter the lagoon, with a sword held up high. At the center of Braavos is the Isle of the Gods, a node of religious activity. The Temple of the Moonsingers is the largest on the isle. Its beautiful architecture features an exquisite white marble and silver dome. Close by is the infamous House of Black and White, home of the Faceless Men & a place of worship for the Many-Faced God.;;;;;;;;;;;;;;x
wonder_city_of_wonders_braavos_construction_desc;The bastard daughter of Valyria is the richest of all nine of the Free Cities, even more than Volantis. The tall Titan of Braavos welcomes ships that enter the lagoon, with a sword held up high. At the center of Braavos is the Isle of the Gods, a node of religious activity. The Temple of the Moonsingers is the largest on the isle. Its beautiful architecture features an exquisite white marble and silver dome. Close by is the infamous House of Black and White, home of the Faceless Men & a place of worship for the Many-Faced God.;;;;;;;;;;;;;;x
### QARTH ###;;;;;;;;;;;;;;;
wonder_city_of_wonders_qarth;[FromFromFrom.GetName];;;;;;;;;;;;;;x
wonder_city_of_wonders_qarth_desc;The city of Qarth, situated on the Jade Gates, controls the entrance to the Far East and beyond. The Queen of Cities is home to the famous Triple Wall, an architectural masterpiece and wonder of man. Engraved into the Triple Wall are scenes of war, fauna, and love. The city inside is no less splendid. The most famous sites are the Hall of a Thousand Thrones, the palace of Xaro Xhoan Daxos, and the House of the Undying.;;;;;;;;;;;;;;x
wonder_city_of_wonders_qarth_construction_desc;The city of Qarth, situated on the Jade Gates, controls the entrance to the Far East and beyond. The Queen of Cities is home to the famous Triple Wall, an architectural masterpiece and wonder of man. Engraved into the Triple Wall are scenes of war, fauna, and love. The city inside is no less splendid. The most famous sites are the Hall of a Thousand Thrones, the palace of Xaro Xhoan Daxos, and the House of the Undying.;;;;;;;;;;;;;;x
### MEEREEN ###;;;;;;;;;;;;;;;
wonder_city_of_wonders_meereen;Meereen;;;;;;;;;;;;;;x
wonder_city_of_wonders_meereen_desc;This bastion of the ancient Ghiscari Empire is the most powerful of the Slaver Cities. The Ghiscari nobles governing Meereen are the Great Masters. They rule from grand pyramids dotted throughout the city. The most wondrous of these is the Great Pyramid, built to echo the now ruined Great Pyramid of Old Ghis. Golden domes lie atop the magnificent Temple of the Graces. Meanwhile, many fighting pits dot the grand city--including the Great Pit of Daznak.;;;;;;;;;;;;;;x
wonder_city_of_wonders_meereen_construction_desc;This bastion of the ancient Ghiscari Empire is the most powerful of the Slaver Cities. The Ghiscari nobles governing Meereen are the Great Masters. They rule from grand pyramids dotted throughout the city. The most wondrous of these is the Great Pyramid, built to echo the now ruined Great Pyramid of Old Ghis. Golden domes lie atop the magnificent Temple of the Graces. Meanwhile, many fighting pits dot the grand city--including the Great Pit of Daznak.;;;;;;;;;;;;;;x
### YUNKAI ###;;;;;;;;;;;;;;;
wonder_city_of_wonders_yunkai;Yunkai;;;;;;;;;;;;;;x
wonder_city_of_wonders_yunkai_desc;The Wise Masters rule the grand city of Yunkai with an iron hold. This Slaver City is home to the Golden Pyramid of Qaggaz, the largest of Yunkai's pyramids. More disreputable than Meereen, Yunkai's Wise Masters are cunning but tainted by corruption.;;;;;;;;;;;;;;x
wonder_city_of_wonders_yunkai_construction_desc;The Wise Masters rule the grand city of Yunkai with an iron hold. This Slaver City is home to the Golden Pyramid of Qaggaz, the largest of Yunkai's pyramids. More disreputable than Meereen, Yunkai's Wise Masters are cunning but tainted by corruption.;;;;;;;;;;;;;;x
### ASTAPOR ###;;;;;;;;;;;;;;;
wonder_city_of_wonders_astapor;Astapor;;;;;;;;;;;;;;x
wonder_city_of_wonders_astapor_desc;Called the Red City, Astapor is the southernmost of the Slaver Cities and closest to the ruins of Old Ghis. Like her northern sister Meereen, fighting pits dot the entirety of Astapor. Most famous are the Unsullied, trained from birth to become formidable war machines. “Bricks and blood built Astapor, and bricks and blood her people.”;;;;;;;;;;;;;;x
wonder_city_of_wonders_astapor_construction_desc;Called the Red City, Astapor is the southernmost of the Slaver Cities and closest to the ruins of Old Ghis. Like her northern sister Meereen, fighting pits dot the entirety of Astapor. Most famous are the Unsullied, trained from birth to become formidable war machines. “Bricks and blood built Astapor, and bricks and blood her people.”;;;;;;;;;;;;;;x
### OLDTOWN ###;;;;;;;;;;;;;;;
wonder_city_of_wonders_oldtown;Oldtown;;;;;;;;;;;;;;x
wonder_city_of_wonders_oldtown_desc;The great city of Oldtown is the most prosperous in Westeros. This city of wonders sprawls around the Hightower, home to the legendary house of the same name. Oldtown's massive harbor, at the mouth of the Honeywine, features galleys from the Jade Gates and beyond. More famous is the Citadel, the center of the order of maesters in Westeros. Here, the archmaesters train new students and do their mysterious studies. Further splendid is Starry Sept, once the center of the Faith of the Seven. Its black marble walls soar into the sky as if reaching out to the Seven themselves.;;;;;;;;;;;;;;x
wonder_city_of_wonders_oldtown_construction_desc;The great city of Oldtown is the most prosperous in Westeros. This city of wonders sprawls around the Hightower, home to the legendary house of the same name. Oldtown's massive harbor, at the mouth of the Honeywine, features galleys from the Jade Gates and beyond. More famous is the Citadel, the center of the order of maesters in Westeros. Here, the archmaesters train new students and do their mysterious studies. Further splendid is Starry Sept, once the center of the Faith of the Seven. Its black marble walls soar into the sky as if reaching out to the Seven themselves.;;;;;;;;;;;;;;x
### KING'S LANDING ###;;;;;;;;;;;;;;;
wonder_city_of_wonders_kings_landing;King’s Landing;;;;;;;;;;;;;;x
wonder_city_of_wonders_kings_landing_desc;A group of hills only three centuries ago, the seat of the Iron Throne has become the most populous city in the realm. On Aegon’s High Hill, the Red Keep stands at the mouth of the Blackwater Rush. Built by Maegor the Cruel, the seven red drum-towers overlook the city, behind high red walls. Within the Red Keep are the Iron Throne, Tower of the Hand, Maidenvault, and the infamous black cells. Underground passages seem to twist and turn underneath the keep. West of the Red Keep is Visenya's Hill, on which sits the Great Sept of Baelor. The grand home of the High Septon, the Great Sept's only rival is the Starry Sept in Oldtown. To the south, past the slums of Flea Bottom, is Rhaenys' Hill. There, the dilapidated ruin of the Dragonpit lies with its broken bronze dome.;;;;;;;;;;;;;;x
wonder_city_of_wonders_kings_landing_construction_desc;A group of hills only three centuries ago, the seat of the Iron Throne has become the most populous city in the realm. On Aegon’s High Hill, the Red Keep stands at the mouth of the Blackwater Rush. Built by Maegor the Cruel, the seven red drum-towers overlook the city, behind high red walls. Within the Red Keep are the Iron Throne, Tower of the Hand, Maidenvault, and the infamous black cells. Underground passages seem to twist and turn underneath the keep. West of the Red Keep is Visenya's Hill, on which sits the Great Sept of Baelor. The grand home of the High Septon, the Great Sept's only rival is the Starry Sept in Oldtown. To the south, past the slums of Flea Bottom, is Rhaenys' Hill. There, the dilapidated ruin of the Dragonpit lies with its broken bronze dome.;;;;;;;;;;;;;;x
### YIN ###;;;;;;;;;;;;;;;
wonder_city_of_wonders_yin;[FromFromFrom.GetName];;;;;;;;;;;;;;x
wonder_city_of_wonders_yin_desc;The great city of Yin is the largest of the YiTish ports on the Jade Sea and a nexus for many of the trade routes in eastern Essos. The grey, indigo, pearl-white, and the azure God-Emperors have used Yin as their capital. Corlys Velaryon returned from Yin with silk, spice, and jade. It was enough to make House Velaryon the wealthiest house in Westeros.;;;;;;;;;;;;;;x
wonder_city_of_wonders_yin_construction_desc;The great city of Yin is the largest of the YiTish ports on the Jade Sea and a nexus for many of the trade routes in eastern Essos. The grey, indigo, pearl-white, and the azure God-Emperors have used Yin as their capital. Corlys Velaryon returned from Yin with silk, spice, and jade. It was enough to make House Velaryon the wealthiest house in Westeros.;;;;;;;;;;;;;;x
### PORT OF IBBEN ###;;;;;;;;;;;;;;;
wonder_city_of_wonders_ibben;[FromFromFrom.GetName];;;;;;;;;;;;;;x
wonder_city_of_wonders_ibben_desc;The Shadow Council has ruled the Port of Ibben since the Doom of Valyria. The Thousand, a large assembly of Ibbish noblemen, elect the Shadow Council. The port is the largest settlement on the bleak isle of Ib. Its most notable structure is the colossal palace of the God-Kings of old. The ruined castle, though, has been barren since the Doom, when the Ibbish overthrew the last God-King.;;;;;;;;;;;;;;x
wonder_city_of_wonders_ibben_construction_desc;The Shadow Council has ruled the Port of Ibben since the Doom of Valyria. The Thousand, a large assembly of Ibbish noblemen, elect the Shadow Council. The port is the largest settlement on the bleak isle of Ib. Its most notable structure is the colossal palace of the God-Kings of old. The ruined castle, though, has been barren since the Doom, when the Ibbish overthrew the last God-King.;;;;;;;;;;;;;;x
### ELYRIA ###;;;;;;;;;;;;;;;
wonder_city_of_wonders_elyria;[FromFromFrom.GetName];;;;;;;;;;;;;;x
wonder_city_of_wonders_elyria_desc;A remnant of the Freehold, Elyria was mostly unaffected by the Doom. It continues to be one of the wealthiest and prominent cities on Slaver’s Bay. Now, it shares closer ties to the Slaver Cities to the east. The nobility of Ghiscari descent governs the island city.;;;;;;;;;;;;;;x
wonder_city_of_wonders_elyria_construction_desc;A remnant of the Freehold, Elyria was mostly unaffected by the Doom. It continues to be one of the wealthiest and prominent cities on Slaver’s Bay. Now, it shares closer ties to the Slaver Cities to the east. The nobility of Ghiscari descent governs the island city.;;;;;;;;;;;;;;x
### ASSHAI ###;;;;;;;;;;;;;;;
wonder_city_of_wonders_asshai;[FromFromFrom.GetName];;;;;;;;;;;;;;x
wonder_city_of_wonders_asshai_desc;The legendary city of Asshai-by-the-Shadow sits at the eastern end of the Jade Sea & the edge of the known world. Its shadowbinders practice some of the most advanced sorcery in the world. The people of Asshai are mysterious and hold an ominous reputation. Asshai's great black wall is so large that it could contain Volantis, Qarth, King’s Landing, and Oldtown. Gold, amber, and dragonglass are abundant in the gloomy city. Thus, they are the largest exports of its massive port, which is only rivaled by Yin. The same black stone of Asshai's walls makes up its buildings, giving the city its aura of evil and dread. Upriver on the River Ash are the terrible ruins of the city of corpses, Stygai. Horrifying monsters haunt Stygai, and even the shadowbinders fear to go there.;;;;;;;;;;;;;;x
wonder_city_of_wonders_asshai_construction_desc;The legendary city of Asshai-by-the-Shadow sits at the eastern end of the Jade Sea & the edge of the known world. Its shadowbinders practice some of the most advanced sorcery in the world. The people of Asshai are mysterious and hold an ominous reputation. Asshai's great black wall is so large that it could contain Volantis, Qarth, King’s Landing, and Oldtown. Gold, amber, and dragonglass are abundant in the gloomy city. Thus, they are the largest exports of its massive port, which is only rivaled by Yin. The same black stone of Asshai's walls makes up its buildings, giving the city its aura of evil and dread. Upriver on the River Ash are the terrible ruins of the city of corpses, Stygai. Horrifying monsters haunt Stygai, and even the shadowbinders fear to go there.;;;;;;;;;;;;;;x
### GOGOSSOS ## ISLE OF TEARS ###;;;;;;;;;;;;;;;
wonder_city_of_wonders_gogossos;[FromFromFrom.GetName];;;;;;;;;;;;;;x
wonder_city_of_wonders_gogossos_desc;A dreadful, ruined island, the Isle of Tears is the largest of the Basilisk Isles north of Sothoryos. Once a Ghiscari colony called Gogai, the Valyrians conquered it in the Third Ghiscari War. The dragonlords renamed it to Gogossos and used it as a massive slave colony. After the Doom, it grew powerful in the Century of Blood--it continued to be a nexus of the slave trade in Essos. However, the Red Death decimated the populations of Gogossos and the surrounding islands. To this day, the Isle of Tears is mostly uninhabited.;;;;;;;;;;;;;;x
wonder_city_of_wonders_gogossos_construction_desc;A dreadful, ruined island, the Isle of Tears is the largest of the Basilisk Isles north of Sothoryos. Once a Ghiscari colony called Gogai, the Valyrians conquered it in the Third Ghiscari War. The dragonlords renamed it to Gogossos and used it as a massive slave colony. After the Doom, it grew powerful in the Century of Blood--it continued to be a nexus of the slave trade in Essos. However, the Red Death decimated the populations of Gogossos and the surrounding islands. To this day, the Isle of Tears is mostly uninhabited.;;;;;;;;;;;;;;x
### OLD GHIS ###;;;;;;;;;;;;;;;
wonder_city_of_wonders_old_ghis;[FromFromFrom.GetName];;;;;;;;;;;;;;x
wonder_city_of_wonders_old_ghis_desc;Five thousand years ago, the ruins of Old Ghis once served as the capital of the vast Ghiscari Empire. The legendary Grazdan the Great founded the great city. He would go on to conquer Slaver's Bay with his formidable lockstep legions. Colossal ruins of ancient pyramids straddle Old Ghis. The largest is the Great Pyramid of Old Ghis, far grander than the Great Pyramid of Meereen to the north. The city fell, though, after the Fifth Ghiscari War when the Valyrians razed Old Ghis to the ground.;;;;;;;;;;;;;;x
wonder_city_of_wonders_old_ghis_construction_desc;Five thousand years ago, the ruins of Old Ghis once served as the capital of the vast Ghiscari Empire. The legendary Grazdan the Great founded the great city. He would go on to conquer Slaver's Bay with his formidable lockstep legions. Colossal ruins of ancient pyramids straddle Old Ghis. The largest is the Great Pyramid of Old Ghis, far grander than the Great Pyramid of Meereen to the north. The city fell, though, after the Fifth Ghiscari War when the Valyrians razed Old Ghis to the ground.;;;;;;;;;;;;;;x
### NEW GHIS ###;;;;;;;;;;;;;;;
wonder_city_of_wonders_new_ghis;[FromFromFrom.GetName];;;;;;;;;;;;;;x
wonder_city_of_wonders_new_ghis_desc;New Ghis is the smallest of the Ghiscari cities, situated on an island in the Gulf of Grief and to the south of Old Ghis. Like most of Slaver's Bay, Ghiscari nobility rule this prosperous slave port. The iron legions of New Ghis are nearly as formidable the old Ghiscari Empire’s lockstep legions.;;;;;;;;;;;;;;x
wonder_city_of_wonders_new_ghis_construction_desc;New Ghis is the smallest of the Ghiscari cities, situated on an island in the Gulf of Grief and to the south of Old Ghis. Like most of Slaver's Bay, Ghiscari nobility rule this prosperous slave port. The iron legions of New Ghis are nearly as formidable the old Ghiscari Empire’s lockstep legions.;;;;;;;;;;;;;;x
### PENTOS ###;;;;;;;;;;;;;;;
wonder_city_of_wonders_pentos;[FromFromFrom.GetName];;;;;;;;;;;;;;x
wonder_city_of_wonders_pentos_desc;Pentos is the westernmost of the Free Cities, the daughters of Old Valyria. Since the Doom, a council of magisters and the Prince of Pentos have ruled the Free City. In Pentos, wealth is power. The Pentoshi nobility and wealthy merchants own massive walled estates nearby the port. Meanwhile, Pentoshi spice traders live in square brick towers. Though it has high walls surrounding it, Pentos is still the most vulnerable of the Free Cities. A large red temple serves the majority Rhllor population.;;;;;;;;;;;;;;x
wonder_city_of_wonders_pentos_construction_desc;Pentos is the westernmost of the Free Cities, the daughters of Old Valyria. Since the Doom, a council of magisters and the Prince of Pentos have ruled the Free City. In Pentos, wealth is power. The Pentoshi nobility and wealthy merchants own massive walled estates nearby the port. Meanwhile, Pentoshi spice traders live in square brick towers. Though it has high walls surrounding it, Pentos is still the most vulnerable of the Free Cities. A large red temple serves the majority Rhllor population.;;;;;;;;;;;;;;x
### QOHOR ###;;;;;;;;;;;;;;;
wonder_city_of_wonders_qohor;Qohor;;;;;;;;;;;;;;x
wonder_city_of_wonders_qohor_desc;Qohor is the easternmost of the Free Cities. The dark arts run rampant within its stone walls. Among these arts are divination, blood magic, and even necromancy. Worshipped is the Black Goat, a dark god as dark as Qohorik sorcery. The city lies on the western terminus of overland trade routes stretching from as far as Asshai. Qohor's location and the valuables in the Forest of Qohor provide an enormity of wealth. Qohor is famous for its forges, which make stunning metalwork far superior to that of Westeros. Qohorik forges guard the close-kept secret to reforging Valyrian steel.;;;;;;;;;;;;;;x
wonder_city_of_wonders_qohor_construction_desc;QohorQohor is the easternmost of the Free Cities. The dark arts run rampant within its stone walls. Among these arts are divination, blood magic, and even necromancy. Worshipped is the Black Goat, a dark god as dark as Qohorik sorcery. The city lies on the western terminus of overland trade routes stretching from as far as Asshai. Qohor's location and the valuables in the Forest of Qohor provide an enormity of wealth. Qohor is famous for its forges, which make stunning metalwork far superior to that of Westeros. Qohorik forges guard the close-kept secret to reforging Valyrian steel.;;;;;;;;;;;;;;x
### LORATH ###;;;;;;;;;;;;;;;
wonder_city_of_wonders_lorath;[FromFromFrom.GetName];;;;;;;;;;;;;;x
wonder_city_of_wonders_lorath_desc;Though it is the poorest of the Free Cities, the city of Lorath is rich in its heritage. Many groups have left their imprint on Lorath. The ancient mazemakers built grandiose mazes sprawling across the Lorathi isles. Now, though, they are ruins. The Andals later colonized the islands, until Valyrians razed Lorath during the Scouring. Afterward, the cult of Boash, or the Blind God, built large temples where the mazes once were. Since the extinction of the Boash, though, a council of magisters rules Lorath. The city is famous for its beautiful purple velvets, but fishing remains its source of wealth. Lorath has a massive fleet of fishing vessels. It provides an abundance of cod, walrus tusks, sealskins, and whale oil for export.;;;;;;;;;;;;;;x
wonder_city_of_wonders_lorath_construction_desc;Though it is the poorest of the Free Cities, the city of Lorath is rich in its heritage. Many groups have left their imprint on Lorath. The ancient mazemakers built grandiose mazes sprawling across the Lorathi isles. Now, though, they are ruins. The Andals later colonized the islands, until Valyrians razed Lorath during the Scouring. Afterward, the cult of Boash, or the Blind God, built large temples where the mazes once were. Since the extinction of the Boash, though, a council of magisters rules Lorath. The city is famous for its beautiful purple velvets, but fishing remains its source of wealth. Lorath has a massive fleet of fishing vessels. It provides an abundance of cod, walrus tusks, sealskins, and whale oil for export.;;;;;;;;;;;;;;x
### NORVOS ###;;;;;;;;;;;;;;;
wonder_city_of_wonders_norvos;[FromFromFrom.GetName];;;;;;;;;;;;;;x
wonder_city_of_wonders_norvos_desc;Norvos lies on the intersection of the Noyne and an ancient Valyrian road used by caravans from the Far East. Norvos is most famous for its Three Bells, said by Lomas Longstrider himself to be a wonder of the world. Noom, Narrah, and Nyel govern every aspect of Norvosi life. Divided into two parts, Norvos has a high city and a low city. The high city, where nobility dwell, is atop a high hill and surrounded by high stone walls. Most notable is the mighty fortress-temple of the Bearded Priests. The lower city, on the banks of the Noyne, is where most Norvosi live. Astone stair called the Sinner’s Steps connects both the high and lower city.;;;;;;;;;;;;;;x
wonder_city_of_wonders_norvos_construction_desc;Norvos lies on the intersection of the Noyne and an ancient Valyrian road used by caravans from the Far East. Norvos is most famous for its Three Bells, said by Lomas Longstrider himself to be a wonder of the world. Noom, Narrah, and Nyel govern every aspect of Norvosi life. Divided into two parts, Norvos has a high city and a low city. The high city, where nobility dwell, is atop a high hill and surrounded by high stone walls. Most notable is the mighty fortress-temple of the Bearded Priests. The lower city, on the banks of the Noyne, is where most Norvosi live. Astone stair called the Sinner’s Steps connects both the high and lower city.;;;;;;;;;;;;;;x
### MYR ###;;;;;;;;;;;;;;;
wonder_city_of_wonders_myr;[FromFromFrom.GetName];;;;;;;;;;;;;;x
wonder_city_of_wonders_myr_desc;The wealthy Free City of Myr is the most advanced of her sisters, with her brilliance in the arts and learning. Renowned Myrish artisans churn out high-quality finished goods. These include their lenses, tapestries, nectar wine, Myrish lace, and Myrish fire. The city is on a point where an ancient Valyrian road meets the Sea of Myrth. Many different temples are within Myr, especially the red temples of Rhllor. The Myrish are a seafaring folk, and their large port feeds the Narrow Sea trade.;;;;;;;;;;;;;;x
wonder_city_of_wonders_myr_construction_desc;The wealthy Free City of Myr is said to be the most advanced of her sisters, with her brilliance in the arts and learning. Myrish artisans are renowned for the quality of their finished goods, especially their lenses, tapestries, nectar wine, Myrish lace, and Myrish fire. The city itself is situated where an ancient Valyrian road meets the Sea of Myrth. Many different temples are located within the city, especially the red temples of Rhllor. The Myrish are a seafaring folk, and their large port feeds the Narrow Sea trade.;;;;;;;;;;;;;;x
### LYS ###;;;;;;;;;;;;;;;
wonder_city_of_wonders_lys;[FromFromFrom.GetName];;;;;;;;;;;;;;x
wonder_city_of_wonders_lys_desc;The Valyrian dragonlords first settled Lys as a paradise resort, and it continues to be so. Sellswords defend the walled city, and a conclave of wealthy magisters rule it. Its pleasure gardens and pillow houses are famous throughout the world. The blood of Old Valyria runs strong in Lys. Even the smallfolk share the silver hair & purple eyes of the Valyrian dragonlords. Many buildings of faith are in the city, including the Temple of Trade, Temple of Yndros, and some red temples. Slavery is crucial to the Lyseni economy. Lyseni pillow houses utilize eugenics to breed the most beautiful slaves. The infamous Lyseni alchemists make many poisons--including the tears of Lys and strangler.;;;;;;;;;;;;;;x
wonder_city_of_wonders_lys_construction_desc;The Valyrian dragonlords first settled Lys as a paradise resort, and it continues to be so. Sellswords defend the walled city, and a conclave of wealthy magisters rule it. Its pleasure gardens and pillow houses are famous throughout the world. The blood of Old Valyria runs strong in Lys. Even the smallfolk share the silver hair & purple eyes of the Valyrian dragonlords. Many buildings of faith are in the city, including the Temple of Trade, Temple of Yndros, and some red temples. Slavery is crucial to the Lyseni economy. Lyseni pillow houses utilize eugenics to breed the most beautiful slaves. The infamous Lyseni alchemists make many poisons--including the tears of Lys and strangler.;;;;;;;;;;;;;;x
### TYROSH ###;;;;;;;;;;;;;;;
wonder_city_of_wonders_tyrosh;[FromFromFrom.GetName];;;;;;;;;;;;;;x
wonder_city_of_wonders_tyrosh_desc;Ruled by an elected Archon, the Free City of Tyrosh is a massive harbor fortress with high walls. The Tyroshi are aggressive slavers, as some Tyroshi travel even beyond the Wall for slaves. Tyroshi artisans produce fine metalwork and most brutal torture devices. Within Tyrosh's inner walls of black dragonstone are many houses of faith. Most famous is the Temple of Trios, with a fearsome three-headed dog guarding its entrance.;;;;;;;;;;;;;;x
wonder_city_of_wonders_tyrosh_construction_desc;Ruled by an elected Archon, the Free City of Tyrosh is a massive harbor fortress with high walls. The Tyroshi are aggressive slavers, as some Tyroshi travel even beyond the Wall for slaves. Tyroshi artisans produce fine metalwork and most brutal torture devices. Within Tyrosh's inner walls of black dragonstone are many houses of faith. Most famous is the Temple of Trios, with a fearsome three-headed dog guarding its entrance.;;;;;;;;;;;;;;x
### NY SAR ###;;;;;;;;;;;;;;;
wonder_city_of_wonders_ny_sar;[FromFromFrom.GetName];;;;;;;;;;;;;;x
wonder_city_of_wonders_ny_sar_desc;A city of ruins, Ny Sar is at the confluence of the Rhoyne and its tributary, the Noyne. The last princess of Ny Sar, Nymeria, abandoned it after the defeat of Garin the Great. Eventually, she would make her way to Dorne. Her massive palace of pink and green marble is the most notable of Ny Sar's ruins. Horned turtles swim along the banks of the confluence.;;;;;;;;;;;;;;x
wonder_city_of_wonders_ny_sar_construction_desc;A city of ruins, Ny Sar is at the confluence of the Rhoyne and its tributary, the Noyne. The last princess of Ny Sar, Nymeria, abandoned it after the defeat of Garin the Great. Eventually, she would make her way to Dorne. Her massive palace of pink and green marble is the most notable of Ny Sar's ruins. Horned turtles swim along the banks of the confluence.;;;;;;;;;;;;;;x
### SARNATH ## VAES KHEWO ###;;;;;;;;;;;;;;;
wonder_city_of_wonders_sarnath;[FromFromFrom.GetName];;;;;;;;;;;;;;x
wonder_city_of_wonders_sarnath_desc;The ruins of Sarnath’s ancient capital, Sarnath of the Tall Towers, lay to rest in Vaes Kweho. Once the greatest of the Tall Men cities in the Kingdom of Sarnath, it fell after the Dothraki put it to the torch. The mythical Palace of a Thousand Rooms, where the High King of Sarnath once ruled from, is now rubble. Lomas Longstrider, the famous adventurer, called it one of the nine wonders of man.;;;;;;;;;;;;;;x
wonder_city_of_wonders_sarnath_construction_desc;The ruins of Sarnath’s ancient capital, Sarnath of the Tall Towers, lay to rest in Vaes Kweho. Once the greatest of the Tall Men cities in the Kingdom of Sarnath, it fell after the Dothraki put it to the torch. The mythical Palace of a Thousand Rooms, where the High King of Sarnath once ruled from, is now rubble. Lomas Longstrider, the famous adventurer, called it one of the nine wonders of man.;;;;;;;;;;;;;;x
### ESSARIA ## VAES KHADOKH ###;;;;;;;;;;;;;;;
wonder_city_of_wonders_essaria;[FromFromFrom.GetName];;;;;;;;;;;;;;x
wonder_city_of_wonders_essaria_desc;The great city of Essaria, nicknamed the Lost Free City, was once an outpost of the Valyrian Freehold. It grew prosperous from trade with the Kingdom of Sarnath to the east. That was until both fell to the Dothraki in the Century of Blood. Now, Essaria lies in ruins called by the Dothraki as Vaes Khadokh. ;;;;;;;;;;;;;;x
wonder_city_of_wonders_essaria_construction_desc;The great city of Essaria, nicknamed the Lost Free City, was once an outpost of the Valyrian Freehold. It grew prosperous from trade with the Kingdom of Sarnath to the east. That was until both fell to the Dothraki in the Century of Blood. Now, Essaria lies in ruins called by the Dothraki as Vaes Khadokh. ;;;;;;;;;;;;;;x
# City of Wonders REPUBLIC;;;;;;;;;;;;;;;
wonder_city_of_wonders_rep;City of Wonders (Republic);City of Wonders (Republic);City of Wonders (Republic);;City of Wonders (Republic);;;;;;;;;;x
wonder_city_of_wonders_rep_desc;The start phase of our projected city has finally begun. The bickering architects and engineers have drafted plans that with the current estimate will take over a century to complete. By all accounts the city shall not be completed in a single generation, but in multiple.;;;;;;;;;;;;;;x
wonder_city_of_wonders1_rep_desc;[target_province.GetName] has been expanded into a proper city, but there still much to do. Many older buildings have been demolished to make room for many of the new districts that shall contain many of this city’s future wonders. Still, there is much to do, as you cannot even visit a single district without seeing it marred by construction work.;;;;;;;;;;;;;;x # Stage 1
wonder_city_of_wonders2_rep_desc;After much time and effort, [target_province.GetName] has turned into something everyone can agree is a Great City. Monuments and decorations have started to mark [target_province.GetName] as something extraordinary. Still, there is much to do, and the city requires quite a few more wonders before it can truly be called a City of Wonders.;;;;;;;;;;;;;;x # Stage 3
wonder_city_of_wonders3_rep_desc;[target_province.GetName] has undeniably become a Metropolis, that is quite possibly not just the center of the realm, but also a epicenter of the region it inhabits. It has by most margins become the most important post of every major trade route in the known world. Many districts have been built, and quite a few great works and monuments have raised. While the city is one of the greatest in the known world, there is still much work and renovations left before the city can reach it's apex.;;;;;;;;;;;;;;x # Stage 6
wonder_city_of_wonders4_rep_desc;[target_province.GetName] has incontestably grown into a fully-fledged Megalopolis, quite conceivably the greatest city ever built. Pedestrians can walk miles without seeing an apparent end to the city. In any district of the city you can find radiant wonders and great works never before seen beyond the city walls. It may have taken a few generations to accomplish this, and cost some blood, sweat, and wealth beyond imagining – but any who walks the beautifully paved streets of [target_province.GetName] agrees that any sacrifice would be worth it for such a magnificent city. It truly has become a City of Wonders!;;;;;;;;;;;;;;x # Stage 9
wonder_city_of_wonders_rep_construction_desc;By carefully investing in our capital, we can turn it into a magnificent Megalopolis that will outrival any other cities in the world. It shall become a City of Wonders.;;;;;;;;;;;;;;x
# City of Wonders GENERIC DESC;;;;;;;;;;;;;;;
# String_cow_City;[target_province.GetName];[target_province.GetName];[target_province.GetName];;[target_province.GetName];;;;;;;;;;x
# String_cow_City1;The City;;;;;;;;;;;;;;x
# String_cow_City2;The Great City;;;;;;;;;;;;;;x
# String_cow_City3;The Metropolis;;;;;;;;;;;;;;x
# String_cow_City4;The Megalopolis;;;;;;;;;;;;;;x
String_cow_City1;City;;;;;;;;;;;;;;x
String_cow_City2;Great City;;;;;;;;;;;;;;x
String_cow_City3;Metropolis;;;;;;;;;;;;;;x
String_cow_City4;Megalopolis;;;;;;;;;;;;;;x
String_cow_city;great city;;;;;;;;;;;;;;x
### COW Interface ###;;;;;;;;;;;;;;;
### COW Game Rules ###;;;;;;;;;;;;;;;
RULE_GROUP_COW;COW (Cities of Wonders);;;;;;;;;;;;;x;
RULE_COW_AGOT_HIST;§ZCOW:§! AGoT Cities;;;;;;;;;;;;;;x
RULE_COW_AGOT_HIST_ON;Many independent realms will get a §ZCity of Wonders§! in their capital at game start.;;;;;;;;;;;;;;x
RULE_COW_AGOT_HIST_OFF;§RCities of Wonders§! will NOT be present on map at game start.;;;;;;;;;;;;;;x
### COW Events ###;;;;;;;;;;;;;;;
COW_PROSPERITY_TITLE;[FromFrom.GetName] Prospers!;;;;;;;;;;;;;;x
COW.11705.d;As the prosperity of [FromFrom.GetName] increases, land which was previously considered marginal is increasing in value. With this keen in mind we have apt opportunity to spread out our urban centers even further to promote growth in our expanding City of Wonders.;;;;;;;;;;;;;;x
COW.11705.a;Amazing!;;;;;;;;;;;;;;x
COW.11705.b;It's too good to be true...;;;;;;;;;;;;;;x
### COW Custom Tooltips ###;;;;;;;;;;;;;;;
CANNOT_HAVE_MORE_THAN_ONE_COW;Realm does NOT already contain a custom-built §YCity of Wonders§!;;;;;;;;;;;;;;x
GREAT_WORK_REPLACED_WITH_COW;The §YGreat Work§! is converted into a §YCity of Wonders§!!\nIf possible the existing §YGreat Work§! will be converted into a Wonder District in the constructed §YCity of Wonders§!.;;;;;;;;;;;;;;x
GREAT_WORK_REPLACED_WITH_HIST_COW;The §YGreat Work§! is converted into a historical §YCity of Wonders§!!\nIf possible the existing §YGreat Work§! will be converted into a Wonder District in the constructed §YCity of Wonders§!.;;;;;;;;;;;;;;x
BUILDING_THIRD_TEMPLE_COW;You must either have started the process to build the Third Temple or have already 'built' the Temple via decision;;;;;;;;;;;;;;x
THIRD_TEMPLE_BUILT_COW;You must have completely built the Third Temple via decision first;;;;;;;;;;;;;;x
DOES_NOT_HAVE_UNIQUE_COW_DISTRICT;§YCity of Wonders§! does NOT already contain a unique and equivalent district;;;;;;;;;;;;;;x
ALEXANDERS_BLOODLINE_DISCOVERED_TT;Alexander's Bloodline has been discovered;;;;;;;;;;;;;;x
MUST_HAVE_ALEXANDERS_BLOODLINE_TT;Has the §YHeir to Alexander§! Bloodline;;;;;;;;;;;;;;x
### COW Decisions ###;;;;;;;;;;;;;;;
upgrade_cow_wonder;Upgrade Wonder Into a C.O.W.;;;;;;;;;;;;;;x
upgrade_cow_wonder_desc;A single wonder in our spiritual capital was never going to be enough. It's time to start the process to turn the city into a true City of Wonders!;;;;;;;;;;;;;;x
upgrade_historical_cow_wonder;Upgrade Into a Historical C.O.W.;;;;;;;;;;;;;;x
upgrade_historical_cow_wonder_desc;A single wonder in this ancient city was never going to be enough. It's time to start the process to turn the city into a true City of Wonders!;;;;;;;;;;;;;;x
cow_recruit_academy_hero;Recruit Academy Hero;;;;;;;;;;;;;;x
cow_recruit_academy_hero_desc;The §YTraining Academy§! in my §YAmphitheater§! possesses many well-trained young warriors. Maybe the best one out of them will make a good military commander.;;;;;;;;;;;;;;x
cow_drink_from_fountain_of_youth;Drink from the Fountain of Youth;;;;;;;;;;;;;;x
cow_drink_from_fountain_of_youth_desc;The life-giving waters of the fountain is said to be able to wash away the effects of aging in anyone who drinks it.;;;;;;;;;;;;;;x
### COW Titles ###;;;;;;;;;;;;;;;
title_cow_castellan;Castellan (for the §Y'City'§!);;;;;;;;;;;;;;x
title_cow_castellan_roman;Castellanus (for the §Y'City'§!);;;;;;;;;;;;;;x
title_cow_castellan_byzantine;Kastellanos (for the §Y'City'§!);;;;;;;;;;;;;;x
title_cow_castellan_desc;This honorific is awarded to a vassal that is held in high regard by their liege. As Castellan they are responsible for the maintenance and daily ongoings of the Fortress.;;;;;;;;;;;;;;x
title_cow_lighthouse_custodian;Lighthouse Custodian (for the §Y'City'§!);;;;;;;;;;;;;;x
title_cow_lighthouse_custodian_desc;This honorific is awarded to a person who has shown themselves responsible and can be entrusted with the care of your lighthouse - keeping it both lit and functioning.;;;;;;;;;;;;;;x
title_cow_keeper_of_the_dead;Keeper of the Dead (for the §Y'City'§!);;;;;;;;;;;;;;x
title_cow_keeper_of_the_dead_desc;The Keeper of the Dead is responsible for the final rest of everyone placed in the §YMausoleum§!.;;;;;;;;;;;;;;x
title_cow_watcher_of_giants;Watcher of Giants (for the §Y'City'§!);;;;;;;;;;;;;;x
title_cow_watcher_of_giants_desc;This honorific is awarded to a person who has shown exceptional vigilance and skills of observation, and they are ultimately responsible for the maintenance and upkeep of the great statue.;;;;;;;;;;;;;;x
title_cow_stone_custodian;Custodian of the Stone (for the §Y'City'§!);;;;;;;;;;;;;;x
title_cow_stone_custodian_desc;This honorific is awarded to a person who has shown themselves steadfast in their loyalty and discipline.;;;;;;;;;;;;;;x
title_cow_overseer_of_rites;Overseer of the Rites (for the §Y'City'§!);;;;;;;;;;;;;;x
title_cow_overseer_of_rites_desc;The Overseer of Rites is responsible for all rites and rituals related to the §YPyramid§!.;;;;;;;;;;;;;;x
title_cow_wall_walker;Walker of the Wall (for the §Y'City'§!);;;;;;;;;;;;;;x
title_cow_wall_walker_desc;This honorific is awarded to a person who has shown diligence and can spend the majority of their day on their feet, inspecting and maintaining the wall.;;;;;;;;;;;;;;x
title_cow_master_of_tides;Master of the Tides (for the §Y'City'§!);;;;;;;;;;;;;;x
title_cow_master_of_tides_desc;This honorific is awarded to a person who has shown aptitude for all things marine, and the overarching responsibility of the §YHarbor§! rests on their shoulders.;;;;;;;;;;;;;;x
title_cow_master_of_games;Master of the Games (for the §Y'City'§!);;;;;;;;;;;;;;x
title_cow_master_of_games_desc;This honorific is awarded to a person with a strong personality and presence, capable of bending a whole crowd to their will.;;;;;;;;;;;;;;x
title_cow_royal_custodian;Royal Custodian (for the §Y'City'§!);;;;;;;;;;;;;;x
title_cow_royal_custodian_desc;This honorific is awarded to a person who has proven themselves dependable, and they are responsible for the upkeep and maintenance of the §YRoyal Palace§!.;;;;;;;;;;;;;;x
title_cow_guardian_of_knowledge;Guardian of Knowledge (for the §Y'City'§!);;;;;;;;;;;;;;x
title_cow_guardian_of_knowledge_desc;This honorific is awarded to a person who has shown their wisdom and courage.;;;;;;;;;;;;;;x
title_cow_keeper_of_tomes;Keeper of the Tomes (for the §Y'City'§!);;;;;;;;;;;;;;x
title_cow_keeper_of_tomes_desc;This honorific is awarded to a person who has shown great aptitude for learning and all related skills.;;;;;;;;;;;;;;x
title_cow_custodian_of_the_temple;Custodian of the Temple (for the §Y'City'§!);;;;;;;;;;;;;;x
title_cow_custodian_of_the_temple_desc;This honorific is awarded to a person who has shown exceptional devotion to [Root.Religion.GetHighGodNameCap].;;;;;;;;;;;;;;x
title_cow_guardian_of_the_deep;Guardian of the Deep (for the §Y'City'§!);;;;;;;;;;;;;;x
title_cow_guardian_of_the_deep_desc;This honorific is awarded to a person who has shown exceptional vigilance and steadfastness.;;;;;;;;;;;;;;x
### COW History ###;;;;;;;;;;;;;;;
### COW Buildings ###;;;;;;;;;;;;;;;
### COW Districts ###;;;;;;;;;;;;;;;
## COW Religious Districts ##;;;;;;;;;;;;;;;
upgrade_cow_district_great_sept;Great Sept;;;;;;;;;;;;;;x
upgrade_cow_district_great_sept_desc;A testament to the piety of its builder, the sept stretches to the sky.;;;;;;;;;;;;;;x
upgrade_cow_district_great_sept_baelor;Great Sept of Baelor;;;;;;;;;;;;;;x
upgrade_cow_district_great_sept_baelor_desc;The Great Sept of Baelor is named after the septon-king Baelor the Blessed. It is located at the top of Visenya's Hill, surrounded by a white marble plaza. It features a statue of Baelor, which stands tall and serene upon his plinth, his face is a study of benevolence. Large gardens, capable of holding hundreds of people, surround the sept.;;;;;;;;;;;;;;x
upgrade_cow_district_great_sept_starry;Starry Sept;;;;;;;;;;;;;;x
upgrade_cow_district_great_sept_starry_desc;The Starry Sept, also called the Sept of Oldtown, is a large sept near the Honeywine in Oldtown. The Starry Sept has black marble walls and arched windows. The Starry Sept is rivaled only by the Great Sept of Baelor in King's Landing and the castle sept of Highgarden.;;;;;;;;;;;;;;x
upgrade_cow_district_red_temple;Great Red Temple;;;;;;;;;;;;;;x
upgrade_cow_district_red_temple_desc;This temple is a holy building, a place of devotion and reflection.;;;;;;;;;;;;;;x
upgrade_cow_district_red_temple_volantis;Temple of the Lord of Light;;;;;;;;;;;;;;x
upgrade_cow_district_red_temple_volantis_desc;The Temple of the Lord of Light is a massive red temple in Volantis dedicated to the god R'hllor, the Lord of Light. The temple is protected by a private army of slave soldiers known as the Fiery Hand.;;;;;;;;;;;;;;x
upgrade_cow_district_synagogue;Great Synagogue;;;;;;;;;;;;;;x
upgrade_cow_district_synagogue_desc;Anyone setting foot in the building will be reminded of the value of a religious community.;;;;;;;;;;;;;;x
upgrade_cow_district_second_temple_jeru;Second Temple;;;;;;;;;;;;;;x
upgrade_cow_district_second_temple_jeru_desc;The Second Temple, also known as Herod's Temple, was destroyed by the Romans on the 30th of July AD 70 during the Jewish Great Revolt.;;;;;;;;;;;;;;x
upgrade_cow_district_third_temple_jeru;Third Temple;;;;;;;;;;;;;;x
upgrade_cow_district_third_temple_jeru_desc;With The Third Temple built, all Jews can finally rejoice with the sacred knowledge that the Temple stands once again upon the Temple Mount in the Holy City of Jerusalem. The architects of the project was inspired by the temple structure described in the Book of Ezekiel, which surely only can mean that the Temple shall never fall to Heathen hands again!;;;;;;;;;;;;;;x
upgrade_cow_district_temple_pagan;Great Temple;;;;;;;;;;;;;;x
upgrade_cow_district_temple_pagan_desc;The site of the temple is rumored to be the holiest ground in the realm.;;;;;;;;;;;;;;x
upgrade_cow_district_temple_hellenic;Great Valyrian Temple;;;;;;;;;;;;;;x
upgrade_cow_district_temple_hellenic_desc;The temple is a holy building, a place of devotion and reflection.;;;;;;;;;;;;;;x
upgrade_cow_district_pantheon_roma;Pantheum of Roma;;;;;;;;;;;;;;x
upgrade_cow_district_pantheon_roma_desc;The Pantheon was built between AD 113–125 during Hadrian's reign at the site of an earlier temple commissioned by Marcus Agrippa during Augustus' reign (27 BC – AD 14). In 609, the Byzantine emperor Phocas gave the building to Pope Boniface IV, who converted it into a Christian church and consecrated it to St. Mary and the Martyrs. This sacrilegious conversion has finally been revoked, and once again do Hellenic priests dwell inside the Pantheon in the name of [Root.Religion.GetHighGodNameCap].;;;;;;;;;;;;;;x
upgrade_cow_district_serapeion_alex;Serapeion of Alexandreia;;;;;;;;;;;;;;x
upgrade_cow_district_serapeion_alex_desc;The Serapeum of Alexandria has been rebuilt, and is once again a place of devotion and reflection. The Serapeum was originally an ancient Greek temple built by Ptolemy III Euergetes which was dedicated to Serapis, who was made the protector of Alexandria.;;;;;;;;;;;;;;x
upgrade_cow_district_parthenon_athens;Parthenon of Athenai;;;;;;;;;;;;;;x
upgrade_cow_district_parthenon_athens_desc;The Parthenon is once again a temple dedicated to the Goddess of Wisdom, Athena. All the sacrilegious alterations committed by the misguided Christians have been removed, and the Temple has been completely cleansed of their influence.;;;;;;;;;;;;;;x
upgrade_cow_district_temple_buddhist;Temple of the Yi Ti gods;;;;;;;;;;;;;;x
upgrade_cow_district_temple_buddhist_desc;The temple is a holy building, a place of devotion and reflection.;;;;;;;;;;;;;;x
upgrade_cow_district_temple_hindu;Temple of the Harpy;;;;;;;;;;;;;;x
upgrade_cow_district_temple_hindu_desc;A temple that symbolizes the house, seat and body of a God.;;;;;;;;;;;;;;x
upgrade_cow_district_hindu_konark;Konark Sun Temple;;;;;;;;;;;;;;x
upgrade_cow_district_hindu_konark_desc;This temple was built in the form of a giant ornamented chariot dedicated to the Sun God, Surya.;;;;;;;;;;;;;;x
## COW Statues Districts ##;;;;;;;;;;;;;;;
upgrade_cow_district_statue_ruler;Ruler Statue;;;;;;;;;;;;;;x
upgrade_cow_district_statue_ruler_desc;A ruler is immortalized in this grand statue.;;;;;;;;;;;;;;x
upgrade_cow_district_titan_of_braavos;Titan of Braavos;;;;;;;;;;;;;;x
upgrade_cow_district_titan_of_braavos_desc;The Titan of Braavos is a massive stone and bronze fortress in the shape of a giant man, which guards the entrance into the lagoon where the Free City of Braavos is located. It is the primary line of defense for Braavos. The Titan is one of the nine Wonders Made by Man in the book written by Lomas Longstrider.;;;;;;;;;;;;;;x
upgrade_cow_district_horse_statue;Statue of a Horse;;;;;;;;;;;;;;x
upgrade_cow_district_horse_statue_desc;A grand statue of a majestic stallion!;;;;;;;;;;;;;;x
upgrade_cow_district_horse_statue_incitatus;Incitatus;;;;;;;;;;;;;;x
upgrade_cow_district_horse_statue_incitatus_desc;A grand statue of our most imperial stallion! He who was our most loyal Consul.;;;;;;;;;;;;;;x
upgrade_cow_district_grand_walls;Great Walls;;;;;;;;;;;;;;x
upgrade_cow_district_grand_walls_desc;A set of near impregnable defensive walls, surrounding the main settlement.;;;;;;;;;;;;;;x
upgrade_cow_district_theodosian_walls;Teichos Theodosiakon;;;;;;;;;;;;;;x
upgrade_cow_district_theodosian_walls_desc;The Theodosian Walls were built during the reign of Emperor Theodosius II in the early 5th century, but they still remain some of the most formidable fortifications built by human hands.;;;;;;;;;;;;;;x
upgrade_cow_district_aurelian_walls;Murus Aurelianus;;;;;;;;;;;;;;x
upgrade_cow_district_aurelian_walls_desc;The Aurelian Walls were built during the reign of Emperor Aurelian and Probus late in the 3rd century, but they still remain the most formidable fortifications ever built in Roma. With a few overhauls, the Aurelian Walls have become as impregnable as the Theodosian Walls of Constantinople!;;;;;;;;;;;;;;x 
upgrade_cow_district_grand_walls_athens;Makra Teiche;;;;;;;;;;;;;;x
upgrade_cow_district_grand_walls_athens_desc;The Long Walls of Athens were once a vital set of walls that connects Athens to its ports at Piraeus and Phaleron. The walls were destroyed by the Roman general Sulla after his Siege of Athens and Piraeus in 87-86 BC. With the Long Walls rebuilt, once again has Athens secured itself crucial access to the sea.;;;;;;;;;;;;;;x
upgrade_cow_district_grand_walls_baby;Nimitti-Bel;;;;;;;;;;;;;;x
upgrade_cow_district_grand_walls_baby_desc;The Walls of Babylon were a set of impenetrable walls that completely encircled the city of Babylon. The only way to enter the city was through either one of the many city gates or the Euphrates river. Metal grates were installed underwater, allowing the river to flow through the city walls while preventing intrusion. When presented with the challenge of sieging Babylon, Cyrus the Great of Persia devised a ingenious plan. By diverting the Euphrates River upstream, the Persians lowered the water level enough so that they could enter the city via the river.\n\nWith the new Grand Walls being greatly inspired from these ancient walls, the architects took great measures to ensure that Cyrus' stunt can not be repeated with the Tigris River.;;;;;;;;;;;;;;x
upgrade_cow_district_round_city_baby;City of Peace;;;;;;;;;;;;;;x
upgrade_cow_district_round_city_baby_desc;The City of Peace, more commonly known as the Round City of Baghdad is the core of Baghdad. By expanding the city with a set of near impregnable defensive walls, Baghdad shall never be defiled.;;;;;;;;;;;;;;x
upgrade_cow_district_grand_walls_syra;Grand Walls of Syrakousai;;;;;;;;;;;;;;x
upgrade_cow_district_grand_walls_syra_desc;A set of near impregnable defensive walls, defending Syracuse from any harm.;;;;;;;;;;;;;;x
## COW Fortress Districts ##;;;;;;;;;;;;;;;
upgrade_cow_district_fortress;Grand Fortress;;;;;;;;;;;;;;x
upgrade_cow_district_fortress_desc;An imposing construction, it will make the province much harder to conquer. Added Facilities can improve considerably the military capabilities of its owner.;;;;;;;;;;;;;;x
upgrade_cow_district_red_keep;Red Keep;;;;;;;;;;;;;;x
upgrade_cow_district_red_keep_desc;The Red Keep is a castle on Aegon's Hill in King's Landing, the capital of the Seven Kingdoms. The Red Keep contains the Iron Throne, and is the traditional seat of the Lord of the Seven Kingdoms.;;;;;;;;;;;;;;x
upgrade_cow_district_underground_city;Great Underground City;;;;;;;;;;;;;;x
upgrade_cow_district_underground_city_desc;Partially carved from the very rock it sits on, only its owner knows exactly how far these tunnels sprawl.;;;;;;;;;;;;;;x
upgrade_cow_district_underground_city_petra;Petra;;;;;;;;;;;;;;x
upgrade_cow_district_underground_city_petra_desc;The great desert city of Petra has existed for hundreds of years.;;;;;;;;;;;;;;x
upgrade_cow_district_harbor;Great Harbor;;;;;;;;;;;;;;x
upgrade_cow_district_harbor_desc;A Great Harbor with storehouses will dominate trade in the area, thus bringing revenues. It can also increase our maritime military capabilities, including in sieges.;;;;;;;;;;;;;;x
upgrade_cow_district_limen_byz;Limen ton Neorion;;;;;;;;;;;;;;x
upgrade_cow_district_limen_byz_desc;The Neorion Harbour is a harbour in the city of Constantinople, active from the foundation of the city in the 4th century. It was the first port to be built in Constantinople after its re-foundation by Constantine the Great, and the second in the area after the Prosphorion, which was the port of ancient Byzantium.;;;;;;;;;;;;;;x
upgrade_cow_district_portus_roma;Portus of Roma;;;;;;;;;;;;;;x
upgrade_cow_district_portus_roma_desc;Portus was a large artificial harbour of Ancient Rome. Sited on the north bank of the north mouth of the Tiber, on the Tyrrhenian coast, it was established by Claudius and enlarged by Trajan to supplement the nearby port of Ostia. If the port is restored, it can once again serve it's vital role as the primary port of Roma.;;;;;;;;;;;;;;x
upgrade_cow_district_port_of_piraeus;Limen tou Peiraia;;;;;;;;;;;;;;x
upgrade_cow_district_port_of_piraeus_desc;Expanding the ancient Port of Piraeus with storehouses will dominate trade in the area, thus bringing revenues. It can also increase our maritime military capabilities, including in sieges.;;;;;;;;;;;;;;x
upgrade_cow_district_cothon_carthage;Cothon of Carthago;;;;;;;;;;;;;;x
upgrade_cow_district_cothon_carthage_desc;The Cothon of Carthage was an artificial, protected inner harbor that helped Carthage maintain naval dominance of the Mediterranean. With the Cothon rebuilt, it can once again serve in this purpose.;;;;;;;;;;;;;;x
upgrade_cow_district_lighthouse;Great Lighthouse;;;;;;;;;;;;;;x
upgrade_cow_district_lighthouse_desc;A tall and visible landmark, the building lends a helping hand to sailors, guiding their ships into port at night.;;;;;;;;;;;;;;x
upgrade_cow_district_pharos_alex;Pharos of Alexandreia;;;;;;;;;;;;;;x
upgrade_cow_district_pharos_alex_desc;For a long time the tallest building in the world, the lighthouse is an impressive construction visible from far away, while also serving its purpose, guiding ships into port.;;;;;;;;;;;;;;x
upgrade_cow_district_pharos_byz;Megalos Pyrgos;;;;;;;;;;;;;;x # Maybe Tower of Leandros (Pyrgos/Pharos tou Leandrou) instead?
upgrade_cow_district_pharos_byz_desc;The Great Tower of Galata serves a great tactical purpose as the end of a great chain connected to Tower of Eugenius, which together prevents enemy ships from entering the Golden Horn. With the Great Tower expanded and refurbished into a lighthouse, it can help secure naval control of Constantinople.;;;;;;;;;;;;;;x
upgrade_cow_district_tower_of_babel;Tower of Babel;;;;;;;;;;;;;;x
upgrade_cow_district_tower_of_babel_desc;The biblical Tower of Babel was once believed to have been built in Babylon, which humanity was punished greatly for. It's finally time to remedy the failure last time and build a new and better tower, which shall surely make the very heavens themselves be within our reach!;;;;;;;;;;;;;;x
## COW Palatial Districts ##;;;;;;;;;;;;;;;
upgrade_cow_district_palace;Royal Palace;;;;;;;;;;;;;;x
upgrade_cow_district_palace_desc;A regal symbol of the prestigious lineage of its builder, this palace is one of its kind.;;;;;;;;;;;;;;x
upgrade_cow_district_maegors_holdfast;Maegor's Holdfast;;;;;;;;;;;;;;x
upgrade_cow_district_maegors_holdfast_desc;Maegor's Holdfast is a massive square fortress inside the heart of the Red Keep in King's Landing. Named after King Maegor I Targaryen, it is a castle-within-a-castle and is the strongest place in the Red Keep. The royal apartments are located in Maegor's Holdfast. The king's bedchamber has a canopied bed and twin hearths.;;;;;;;;;;;;;;x
upgrade_cow_district_hightower;Hightower;;;;;;;;;;;;;;x # (Lighthouse/Palace)
upgrade_cow_district_hightower_desc;The Hightower is a massive stepped tower with a beacon on top to guide ships into port. The top of the tower contains the apartments of the Lord of the Hightower. The Hightower is the tallest structure in the Seven Kingdoms, even higher than the seven-hundred-foot Wall, and it is the tallest tower in the known world.;;;;;;;;;;;;;;x
## COW Cultural Districts ##;;;;;;;;;;;;;;;
upgrade_cow_district_amphitheatre;Grand Amphitheater;;;;;;;;;;;;;;x
upgrade_cow_district_amphitheatre_desc;An epitome of popular culture, it serves to entertain with great spectacles, lowering the revolt risk. It can also allow for the recruitment of specially trained individuals.;;;;;;;;;;;;;;x
upgrade_cow_district_kl_dragonpit;Dragonpit;;;;;;;;;;;;;;x
upgrade_cow_district_kl_dragonpit_desc;The Dragonpit is a huge, domed building that sits atop the Hill of Rhaenys in King's Landing. The Targaryens would keep their dragons within the building. Thirty knights can ride abreast into its entrance. No pit dragon have ever reached the size of the dragons who were raised before the construction of the building. When living dragons nests beneath the dome, light shine through the windows at night.;;;;;;;;;;;;;;x
upgrade_cow_district_garden;Magnificent Garden;;;;;;;;;;;;;;x
upgrade_cow_district_garden_desc;The garden is a marvel of both science and beauty.;;;;;;;;;;;;;;x
upgrade_cow_district_forum_constantine;Phoros Konstantinou;;;;;;;;;;;;;;x
upgrade_cow_district_forum_constantine_desc;The Forum of Constantine was built at the foundation of Constantinople immediately outside the old city walls of Byzantium. It marked the centre of the new city, and was a central point along the Mese, the main ceremonial road through the city. It was circular and had two monumental gates to the east and west. The Column of Constantine, which was crowned with Constantine as Apollo, was erected in the centre of the square.;;;;;;;;;;;;;;x
upgrade_cow_district_forum_romanum;Forum Romanum;;;;;;;;;;;;;;x
upgrade_cow_district_forum_romanum_desc;The Roman Forum is a rectangular forum (plaza) surrounded by several important ancient government buildings at the center of the city of Rome. Citizens of the ancient city referred to this space, originally a marketplace, as the Forum Magnum, or simply the Forum. For centuries the Forum was the center of day-to-day life in Rome: the site of triumphal processions and elections - the venue for public speeches, criminal trials, and gladiatorial matches - and the nucleus of commercial affairs. Here statues and monuments commemorated the city's great men. The teeming heart of ancient Rome, it has been called the most celebrated meeting place in the world, and in all history. Refurbished it shall once again become the center of a great realm.;;;;;;;;;;;;;;x
upgrade_cow_district_hanging_gardens_baby;Hanging Gardens of Babylon;;;;;;;;;;;;;;x
upgrade_cow_district_hanging_gardens_baby_desc;The Hanging Gardens of Babylon were once one of the Seven Wonders of the Ancient World according to the Hellenes. It was described as a remarkable feat of engineering with an ascending series of tiered gardens containing a wide variety of trees, shrubs, and vines, resembling a large green mountain constructed of mud bricks. With the Hanging Gardens built anew, no longer can anyone question the grandiose and heritage of our great city.;;;;;;;;;;;;;;x
upgrade_cow_district_gardens_parsa;Pairidaeza of Parsa;;;;;;;;;;;;;;x
upgrade_cow_district_gardens_parsa_desc;The ancient Gardens of Persepolis were once fabled as some of the most beautiful gardens in the known world. With the new Gardens planted in Persepolis, the city shall once again have the most beautiful gardens in the world.;;;;;;;;;;;;;;x
## COW Learning Districts ##;;;;;;;;;;;;;;;
upgrade_cow_district_library;Great Library;;;;;;;;;;;;;;x
upgrade_cow_district_library_desc;Books are precious, as the knowledge of things past and new are written in their pages. This beacon of knowledge will have capacity to store thousands of books, and will have reading facilities.;;;;;;;;;;;;;;x
upgrade_cow_district_library_citadel;Library of the Citadel;;;;;;;;;;;;;;x
upgrade_cow_district_library_citadel_desc;The Library of the Citadel is known to be a great repository of knowledge. A locked vault beneath the Citadel is said to contain the sole remaining copy of 'Blood and Fire.;;;;;;;;;;;;;;x
upgrade_cow_district_university;Grand University;;;;;;;;;;;;;;x
upgrade_cow_district_university_desc;A high seat of learning, famous throughout the realm.;;;;;;;;;;;;;;x
upgrade_cow_district_university_citadel;Citadel;;;;;;;;;;;;;;x
upgrade_cow_district_university_citadel_desc;The Citadel is a complex of buildings in Oldtown that serves as the central home to the order of the maesters. The name is also employed to refer to order of maesters as an institution, or the higher placed members. At the Citadel, the residing archmaesters teach and train new students, and convene in the Conclave. The Citadel is funded by taxes from Oldtown and payments from lords for the service of maesters.;;;;;;;;;;;;;;x
upgrade_cow_district_mouseion_alex;Mouseion at Alexandreia;;;;;;;;;;;;;;x
upgrade_cow_district_mouseion_alex_desc;"The Musaeum of Alexandria (""Institution of the Muses"") is the home of music or poetry, a philosophical school and library such as Plato's Academy. It has again become an institution that brings together some of the best scholars in the known world.";;;;;;;;;;;;;;x
upgrade_cow_district_mausoleum;Grand Mausoleum;;;;;;;;;;;;;;x
upgrade_cow_district_mausoleum_desc;A simple tomb is not enough for some rulers.;;;;;;;;;;;;;;x
upgrade_cow_district_mausoleum_halicarnassus;Mausoleum at Halicarnassus;;;;;;;;;;;;;;x
upgrade_cow_district_mausoleum_halicarnassus_desc;A giant above-ground tomb, constructed by Mausolus, a satrap in the Persian Empire, for himself and Artemisia II of Caria.;;;;;;;;;;;;;;x
upgrade_cow_district_mausoleum_roma;Grand Mausoleum of Roma;;;;;;;;;;;;;;x
upgrade_cow_district_mausoleum_roma_desc;A simple tomb is not enough for some rulers.;;;;;;;;;;;;;;x
upgrade_cow_district_mausoleion_apostles_byz;Mausoleion of Konstantinoupolis;;;;;;;;;;;;;;x
upgrade_cow_district_mausoleion_apostles_byz_desc;A simple tomb is not enough for some rulers.;;;;;;;;;;;;;;x
upgrade_cow_district_mausoleion_alexander;Mausoleion of Alexandros;;;;;;;;;;;;;;x
upgrade_cow_district_mausoleion_alexander_desc;The Mausoleum of Alexander was rebuilt after a prestigious lineage to Alexander the Great was indisputably proven. The Great Conquerer should finally be able to rest at peace in the knowing of that his successors once again shall dominate the world.;;;;;;;;;;;;;;x
upgrade_cow_district_tomb_of_cyrus;Tomb of Cyrus;;;;;;;;;;;;;;x
upgrade_cow_district_tomb_of_cyrus_desc;The Tomb of Cyrus is an ancient monument of Cyrus the Great, the founder of the Achaemenid Empire. The ancient tomb has been restored into its former glory, and moved into Persepolis to better safeguard it against any potential desecration.;;;;;;;;;;;;;;x
upgrade_cow_district_pyramid;Great Pyramid;;;;;;;;;;;;;;x
upgrade_cow_district_pyramid_desc;Build it taller!, was apparently the last words of its architect.;;;;;;;;;;;;;;x
upgrade_cow_district_pyramid_giza;Great Pyramid of Khufu;;;;;;;;;;;;;;x
upgrade_cow_district_pyramid_giza_desc;The strangely shaped pyramids have always been there.;;;;;;;;;;;;;;x
upgrade_cow_district_pagan_stones;Great Stone Circle;;;;;;;;;;;;;;x
upgrade_cow_district_pagan_stones_desc;Huge standing rocks are placed in a grand circle, with an opening towards the east, where the sun rises.;;;;;;;;;;;;;;x
upgrade_cow_district_stonehenge;Stonehenge;;;;;;;;;;;;;;x
upgrade_cow_district_stonehenge_desc;Some think the rocks were placed by gods. Others say it's pagan superstition, but refuse to go near them.;;;;;;;;;;;;;;x
upgrade_cow_district_aztec_pyramid;Aztec Pyramid;;;;;;;;;;;;;;x
upgrade_cow_district_aztec_pyramid_desc;The house of the Gods, an Aztec Pyramid is the holy place where messengers can be sent to the Them, by decapitating the victims' heads.;;;;;;;;;;;;;;x
### COW Upgrades ###;;;;;;;;;;;;;;;
## Great Sept - Upgrades ##;;;;;;;;;;;;;;;
upgrade_cow_gargoyles;Gargoyles;;;;;;;;;;;;;;x
upgrade_cow_gargoyles_desc;The ugly creatures sticking out from the facade of the Great Sept have an ominous air to them.;;;;;;;;;;;;;;x
upgrade_cow_bells;Bells;;;;;;;;;;;;;;x
upgrade_cow_bells_desc;While intended for ceremony, the bells can also be rung in times of danger, a warning which would be heard all over the province.;;;;;;;;;;;;;;x
upgrade_cow_stained_glass_window;Stained Glass Window;;;;;;;;;;;;;;x
upgrade_cow_stained_glass_window_desc;A beautiful piece of art reflecting an aspect of the Seven.;;;;;;;;;;;;;;x
upgrade_cow_relic_tomb;Relic Tomb;;;;;;;;;;;;;;x
upgrade_cow_relic_tomb_desc;A place for storing artifacts.;;;;;;;;;;;;;;x
upgrade_cow_grand_basilica;Grand Basilica;;;;;;;;;;;;;;x
upgrade_cow_grand_basilica_desc;The arch-headed windows extend to several floors, bestowing the Great Sept with an unparalleled level of grandeur.;;;;;;;;;;;;;;x
upgrade_cow_catacombs;Catacombs;;;;;;;;;;;;;;x
upgrade_cow_catacombs_desc;While subterranean passageways are a source of fascination, they are primarily a sacred space for religious practice.;;;;;;;;;;;;;;x
upgrade_cow_bells_golden;Golden Bells;;;;;;;;;;;;;;x
upgrade_cow_bells_golden_desc;The bells of the Great Sept have been coated with a thin layer of gold.;;;;;;;;;;;;;;x
## Great Red Temple - Upgrades ##;;;;;;;;;;;;;;;
upgrade_cow_minaret;Red Tower;;;;;;;;;;;;;;x
upgrade_cow_minaret_desc;A tower attached to the Great Red Temple, to announce the rising of the sun.;;;;;;;;;;;;;;x
upgrade_cow_open_courtyard;Courtyard of Holy Fire;;;;;;;;;;;;;;x
upgrade_cow_open_courtyard_desc;An open courtyard with a massive bonfire, to welcome the sun in the morning, and preach to crowds of faithful.;;;;;;;;;;;;;;x
upgrade_cow_dome;Red Dome;;;;;;;;;;;;;;x
upgrade_cow_dome_desc;The dome allows accumulated smoke to escape from holy fires inside the Red Temple.;;;;;;;;;;;;;;x
upgrade_cow_lamps_hanging;Magnificent Hanging Lamps;;;;;;;;;;;;;;x
upgrade_cow_lamps_hanging_desc;Illumination is essential in a Red Temple, as many prayers happen during the night to ward off the darkness. Hundreds of decorated lamps create a dazzling effect, with a soft light emanating from each one.;;;;;;;;;;;;;;x
####;;;;;;;;;;;;;;;
upgrade_cow_tallest_building;Tallest Building;;;;;;;;;;;;;;x
upgrade_cow_tallest_building_desc;The Talmud instructs that the Synagogue should be taller than the other buildings.;;;;;;;;;;;;;;x
upgrade_cow_garden_outer;Outer Wall and Open Garden;;;;;;;;;;;;;;x
upgrade_cow_garden_outer_desc;By building an outer garden, the faithful can relax before and after the prayers.;;;;;;;;;;;;;;x
upgrade_cow_holy_ark;Holy Ark;;;;;;;;;;;;;;x
upgrade_cow_holy_ark_desc;The Torah Ark, where the sacred Torah scrolls are stored, are here given the proper importance.;;;;;;;;;;;;;;x
upgrade_cow_decorations;Elaborate Decorations;;;;;;;;;;;;;;x
upgrade_cow_decorations_desc;Elaborate decorations will help elevate the spirit of the faithful to the heavens.;;;;;;;;;;;;;;x
upgrade_cow_choir_rooms;Choir Rooms;;;;;;;;;;;;;;x
upgrade_cow_choir_rooms_desc;The acoustics of these rooms make them suited for practice singing.;;;;;;;;;;;;;;x
upgrade_cow_school_synagogue;School;;;;;;;;;;;;;;x
upgrade_cow_school_synagogue_desc;The Synagogue is also a place of learning.;;;;;;;;;;;;;;x
upgrade_cow_statue_god;Statue of a God;;;;;;;;;;;;;;x
upgrade_cow_statue_god_desc;The grand statue of [Root.Religion.GetRandomGodName] impresses both faithful and those foreign to the faith of [Root.PrimaryTitle.GetName].;;;;;;;;;;;;;;x
upgrade_cow_temple_guards;Great Temple Guards;;;;;;;;;;;;;;x
upgrade_cow_temple_guards_desc;The Great Temple guards are especially dedicated to the protection of the Great Temple.;;;;;;;;;;;;;;x
upgrade_cow_sacrificial_altar;Sacrificial Altar;;;;;;;;;;;;;;x
upgrade_cow_sacrificial_altar_desc;The people of [Root.PrimaryTitle.GetName] show their devotion to the gods by sacrificing living beings.;;;;;;;;;;;;;;x
upgrade_cow_sacred_grove;Sacred Grove;;;;;;;;;;;;;;x
upgrade_cow_sacred_grove_desc;In the middle of the grove, a tree is planted. As time passes, its branches will reach as tall as its roots, representing the connection between worlds.;;;;;;;;;;;;;;x
upgrade_cow_prophecy_rooms;Prophecy Rooms;;;;;;;;;;;;;;x
upgrade_cow_prophecy_rooms_desc;A secluded series of rooms the Priests and Priestesses can retire to while maintaining communication with the Gods.;;;;;;;;;;;;;;x
upgrade_cow_temple_precinct;Temple Precinct;;;;;;;;;;;;;;x
upgrade_cow_temple_precinct_desc;An area surrounding the Great Temple has been dedicated to the Great Temple, and contains smaller buildings and open spaces specifically designed to invite a larger number of worshipers.;;;;;;;;;;;;;;x
upgrade_cow_inner_sanctuary;Inner Sanctuary;;;;;;;;;;;;;;x
upgrade_cow_inner_sanctuary_desc;A sacred and reserved space inside the temple where only the high ranking priests can enter.;;;;;;;;;;;;;;x
upgrade_cow_custodian_of_temple;Custodian of the Temple;;;;;;;;;;;;;;x
upgrade_cow_custodian_of_temple_desc;As the authority on all daily business and rituals the Custodian of the Temple is heeded by all.;;;;;;;;;;;;;;x
upgrade_cow_chaitya-grihas;Chaitya-Grihas;;;;;;;;;;;;;;x
upgrade_cow_chaitya-grihas_desc;A prayer hall that surrounds the stupas.;;;;;;;;;;;;;;x
upgrade_cow_gompa;Gompa;;;;;;;;;;;;;;x
upgrade_cow_gompa_desc;A fortification surrounding the temple.;;;;;;;;;;;;;;x
upgrade_cow_bodhi_tree;Bodhi Tree;;;;;;;;;;;;;;x
upgrade_cow_bodhi_tree_desc;A descendant of the sacred tree in under which Siddhartha Gautama, the spiritual teacher who became known as the Buddha, attained enlightenment.;;;;;;;;;;;;;;x
upgrade_cow_cave_complex;Cave Complex;;;;;;;;;;;;;;x
upgrade_cow_cave_complex_desc;A complex of caves.;;;;;;;;;;;;;;x
upgrade_cow_vihara;Vihara;;;;;;;;;;;;;;x
upgrade_cow_vihara_desc;The shelter and living quarters for the Buddhist Monks who live here.;;;;;;;;;;;;;;x
upgrade_cow_school_buddhist;Buddhist School;;;;;;;;;;;;;;x
upgrade_cow_school_buddhist_desc;A school where Buddhist teachings are taught.;;;;;;;;;;;;;;x
upgrade_cow_relic_stupa;Relic Stupa;;;;;;;;;;;;;;x
upgrade_cow_relic_stupa_desc;This is where the remains of Buddha and his disciples are interred.;;;;;;;;;;;;;;x
upgrade_cow_object_stupa;Object Stupa;;;;;;;;;;;;;;x #NOT IN VANILLA
upgrade_cow_object_stupa_desc;This is where the objects belonging to Buddha and his disciples are interred.;;;;;;;;;;;;;;x #NOT IN VANILLA
upgrade_cow_commerative_stupa;Commerative Stupa;;;;;;;;;;;;;;x
upgrade_cow_commerative_stupa_desc;Built to commemorative events in lives of Buddha and his disciples.;;;;;;;;;;;;;;x
upgrade_cow_symbolic_stupa;Symbolic Stupa;;;;;;;;;;;;;;x
upgrade_cow_symbolic_stupa_desc;Built to symbolize different aspects of Buddhist theology.;;;;;;;;;;;;;;x
upgrade_cow_votive_stupa;Votive Stupa;;;;;;;;;;;;;;x
upgrade_cow_votive_stupa_desc;Built to gain spiritual benefits, or to commemorate visits.;;;;;;;;;;;;;;x
upgrade_cow_high_gopura;Gopuram;;;;;;;;;;;;;;x
upgrade_cow_high_gopura_desc;An richly ornate high tower that serves as an entrance to the temple.;;;;;;;;;;;;;;x
upgrade_cow_shikhara;Shikhara;;;;;;;;;;;;;;x
upgrade_cow_shikhara_desc;The main temple tower.;;;;;;;;;;;;;;x
upgrade_cow_mandapa;Maha Mandapa;;;;;;;;;;;;;;x
upgrade_cow_mandapa_desc;A great pillared hall serving as the waiting room for pilgrims and devotees.;;;;;;;;;;;;;;x
upgrade_cow_temple_complex;Temple Complex;;;;;;;;;;;;;;x
upgrade_cow_temple_complex_desc;A complex of smaller temples, surrounding the main temple.;;;;;;;;;;;;;;x
upgrade_cow_school_hindu;Calai;;;;;;;;;;;;;;x
upgrade_cow_school_hindu_desc;A school, that also provides lodging for students and scholars.;;;;;;;;;;;;;;x
upgrade_cow_hospital_hindu;Hospital;;;;;;;;;;;;;;x
upgrade_cow_hospital_hindu_desc;A hospital attached to the temple.;;;;;;;;;;;;;;x
upgrade_cow_plating_gold;Gold Plating;;;;;;;;;;;;;;x
upgrade_cow_plating_gold_desc;The sun reflects most brilliantly in the surface of this statue.;;;;;;;;;;;;;;x
upgrade_cow_plating_silver;Silver Plating;;;;;;;;;;;;;;x
upgrade_cow_plating_silver_desc;The moon reflects beautifully in the surface of this statue.;;;;;;;;;;;;;;x
upgrade_cow_plating_bronze;Bronze Plating;;;;;;;;;;;;;;x
upgrade_cow_plating_bronze_desc;This statue is shiny.;;;;;;;;;;;;;;x
upgrade_cow_statues_family;Additional Statues;;;;;;;;;;;;;;x
upgrade_cow_statues_family_desc;These beautiful statues are said to resemble the immediate family of [Root.GetTitledName].;;;;;;;;;;;;;;x
upgrade_cow_golden_crown;Golden Crown;;;;;;;;;;;;;;x
upgrade_cow_golden_crown_desc;A crown made of pure gold encircles the magnificent head of the statue.;;;;;;;;;;;;;;x
upgrade_cow_watcher_of_giants;Watcher of Giants;;;;;;;;;;;;;;x
upgrade_cow_watcher_of_giants_desc;The Watcher of Giants is responsible for the large statues in the area.;;;;;;;;;;;;;;x
upgrade_cow_stable;Grand Stable;;;;;;;;;;;;;;x
upgrade_cow_stable_desc;A stable containing horses, but most importantly, the ones descending from the original chosen creature depicted in the grand monument rising above the roof of this building.;;;;;;;;;;;;;;x
upgrade_cow_statues_animals;Additional Animal Statues;;;;;;;;;;;;;;x
upgrade_cow_statues_animals_desc;The original statue is surrounded by smaller statues, depicting critters of various kinds.;;;;;;;;;;;;;;x
upgrade_cow_walls_sea;Sea Walls;;;;;;;;;;;;;;x
upgrade_cow_walls_sea_desc;Walls specifically added to defend from sea attacks.;;;;;;;;;;;;;;x
upgrade_cow_studded_bastions;Studded Bastions;;;;;;;;;;;;;;x
upgrade_cow_studded_bastions_desc;The city's defenses have begun to spill out onto the land, with ropes of well-maintained walls crisscrossing the main approach to the burgh. Adding extra bastions to these will bulge the amount of walkable perimeter (and so how many troops can man them) without noticeably increasing cost.;;;;;;;;;;;;;;x
upgrade_cow_strategic_exclaves;Strategic Exclaves;;;;;;;;;;;;;;x
upgrade_cow_strategic_exclaves_desc;A city is nothing without its countryside, and this city takes that seriously. Vital local townships are now guarded by their own fortifications, paid for and maintained by the capital-settlement, and the closest are even connected by short walls to form a single, defensible sprawl.;;;;;;;;;;;;;;x
upgrade_cow_soaring_fortresses;Soaring Fortresses;;;;;;;;;;;;;;x
upgrade_cow_soaring_fortresses_desc;These dire, imposing stoneworks punch upwards like massive, artificial fists. Crowned with rows of bastions and studded with fortified towers, none may approach without being seen, and no amount of lesser walls captured will stop the enfilading from their legions of archers.;;;;;;;;;;;;;;x
upgrade_cow_hidden_gates;Hidden Gates;;;;;;;;;;;;;;x
upgrade_cow_hidden_gates_desc;Secreted behind sewer shafts, diving under the moats, cut into the side of obscuring bastions: the defenders of this city strike often and without warning from their many and varied hiding places, before vanishing back into the night.;;;;;;;;;;;;;;x
upgrade_cow_gatehouse_forts;Gatehouse Forts;;;;;;;;;;;;;;x
upgrade_cow_gatehouse_forts_desc;Turn each gatehouse into a full-scale fortress in its own right, and so turn each layer of the walls into a separate mini-siege.;;;;;;;;;;;;;;x
upgrade_cow_killing_fields;Staged Killing Fields;;;;;;;;;;;;;;x
upgrade_cow_killing_fields_desc;Planned routes through the defenses that are simple, clear, devoid of cover, and looked over by the maximum possible number of defenses, always with a difficult fortress guarding the next killing ground along.;;;;;;;;;;;;;;x
upgrade_cow_deep_defense_architecture;Deep Defense Architecture;;;;;;;;;;;;;;x
upgrade_cow_deep_defense_architecture_desc;Adapt and reshape areas of the defenses to be especially vulnerable to attack from the next layer, turning losses for the defenders into massacres for the attackers.;;;;;;;;;;;;;;x
upgrade_cow_artificial_islands;Artificial Islands;;;;;;;;;;;;;;x
upgrade_cow_artificial_islands_desc;Redirect local rivers and channel defensive islands out of the sea itself, adding a naval element to any siege that few attackers are equipped to deal with.;;;;;;;;;;;;;;x
upgrade_cow_mirror_towers;Mirror Towers of Syrakousai;;;;;;;;;;;;;;x
upgrade_cow_mirror_towers_desc;During the Siege of Syracuse (213–212 BC), according to the ancient legends, the polymath Archimedes built a giant mirror which he used to deflect the powerful Mediterranean sun onto the ships' sails, setting fire to them. With aid from the learned men at the Library of Arkhimedes, Syracuse’s engineers have built a defensive network of Mirror Towers which should help Syracuse stave off any hostile naval invasions during sunny days.;;;;;;;;;;;;;;x
upgrade_cow_archimedes_claw;Claw of Arkhimedes;;;;;;;;;;;;;;x
upgrade_cow_archimedes_claw_desc;The Claw of Archimedes was an ancient weapon devised by Archimedes to defend the seaward portion of Syracuse's city wall against naval invasion. With aid from the learned men at the Library of Archimedes, Syracuse’s engineers have built multiple Claws which should help Syracuse stave off most naval invasions.;;;;;;;;;;;;;;x
upgrade_cow_gastraphetes_makers;Gastraphetes Makers;;;;;;;;;;;;;;x
upgrade_cow_gastraphetes_makers_desc;Gastraphetes was an early incarnation of the crossbow, supposedly originating from Syracuse. With some investment, Syracuse can produce crossbows which quickly may become the pinnacle of crossbow design.;;;;;;;;;;;;;;x
upgrade_cow_wall_walker;Walker of the Wall;;;;;;;;;;;;;;x
upgrade_cow_wall_walker_desc;Constantly walking the wall, the Walker of the Wall is one of the few who knows it inside and out.;;;;;;;;;;;;;;x
upgrade_cow_armory;Armory;;;;;;;;;;;;;;x
upgrade_cow_armory_desc;An expansion to the Great Fortress, providing ample storage for armor and weaponry.;;;;;;;;;;;;;;x
upgrade_cow_watch_tower;Watch Tower;;;;;;;;;;;;;;x
upgrade_cow_watch_tower_desc;A tower increasing the line of sight, and safety, for the entire province.;;;;;;;;;;;;;;x
upgrade_cow_vault;Vault;;;;;;;;;;;;;;x
upgrade_cow_vault_desc;A special vault, deep in the heart of the fortress, for storage and safe-keeping.;;;;;;;;;;;;;;x
upgrade_cow_moat_pit;Pit Moat;;;;;;;;;;;;;;x
upgrade_cow_moat_pit_desc;A deep trench surrounds this fortress.;;;;;;;;;;;;;;x
upgrade_cow_moat_spike;Spike Moat;;;;;;;;;;;;;;x
upgrade_cow_moat_spike_desc;At least one craftsman died in the making of this moat.;;;;;;;;;;;;;;x
upgrade_cow_moat_water;Water Moat;;;;;;;;;;;;;;x
upgrade_cow_moat_water_desc;Water keeps people at bay. Unless they can swim.;;;;;;;;;;;;;;x
upgrade_cow_moat_bones;Moat of Bones;;;;;;;;;;;;;;x
upgrade_cow_moat_bones_desc;A frightening sight, the moat is said to contain all that remains of those who have personally slighted [Root.GetTitledFirstName].;;;;;;;;;;;;;;x
upgrade_cow_hidden_passageways;Hidden Passageways;;;;;;;;;;;;;;x
upgrade_cow_hidden_passageways_desc;A labyrinthine network of tunnels and passageways are said to exist within and under the walls of the [FromFrom.GetName].;;;;;;;;;;;;;;x
upgrade_cow_garden_inner;Inner Garden;;;;;;;;;;;;;;x
upgrade_cow_garden_inner_desc;Within the walls of the fortress is a small and tranquil garden, serving as a place for the world-weary warrior to recharge his energy.;;;;;;;;;;;;;;x
upgrade_cow_dungeon;Dungeon;;;;;;;;;;;;;;x
upgrade_cow_dungeon_desc;It's a dungeon, but bigger.;;;;;;;;;;;;;;x
upgrade_cow_caves_natural;Natural Caves;;;;;;;;;;;;;;x
upgrade_cow_caves_natural_desc;A series of impressive natural hollows, these rooms are only partially improved upon by human engineering.;;;;;;;;;;;;;;x
upgrade_cow_tunnels_travel;Travel Tunnels;;;;;;;;;;;;;;x
upgrade_cow_tunnels_travel_desc;These tunnels are hard to navigate, but those with the necessary maps are high-ranking soldiers in need of expedient travel.;;;;;;;;;;;;;;x
upgrade_cow_metal_mine_precious;Precious Metal Mines;;;;;;;;;;;;;;x
upgrade_cow_metal_mine_precious_desc;In the depths of the underground complex, workers have encountered valuable ore, which is now being carefully excavated.;;;;;;;;;;;;;;x
upgrade_cow_guardian_of_the_deep;Guardian of the Deep;;;;;;;;;;;;;;x
upgrade_cow_guardian_of_the_deep_desc;With eyes downcast in vigilance, the Guardian of the Deep is as unmovable and eternal as the stones found in the depths.;;;;;;;;;;;;;;x
upgrade_cow_cothon;Cothon;;;;;;;;;;;;;;x
upgrade_cow_cothon_desc;An inner harbor.;;;;;;;;;;;;;;x
upgrade_cow_piers;Piers;;;;;;;;;;;;;;x
upgrade_cow_piers_desc;The piers expand the harbor and how much trade that can be conducted there.;;;;;;;;;;;;;;x
upgrade_cow_office_harbor;Harbor Office;;;;;;;;;;;;;;x
upgrade_cow_office_harbor_desc;The installation of a proper Harbor office has led to better control of the trade coming and going through the Great Harbor.;;;;;;;;;;;;;;x
upgrade_cow_lighthouse;Lighthouse;;;;;;;;;;;;;;x
upgrade_cow_lighthouse_desc;For guiding ships in and out of the harbor.;;;;;;;;;;;;;;x
upgrade_cow_military_wharf;Military Wharf;;;;;;;;;;;;;;x
upgrade_cow_military_wharf_desc;An area set aside for construction of the navy.;;;;;;;;;;;;;;x
upgrade_cow_master_of_tides;Master of the Tides;;;;;;;;;;;;;;x
upgrade_cow_master_of_tides_desc;Ultimately responsible for all things marine – every living soul in the Harbor answers to the Master of the Tides.;;;;;;;;;;;;;;x
upgrade_cow_treasure_chamber;Treasure Chamber;;;;;;;;;;;;;;x
upgrade_cow_treasure_chamber_desc;A secret vault, for storing particularly valuable merchandise.;;;;;;;;;;;;;;x
upgrade_cow_giant_banners;Giant Banners;;;;;;;;;;;;;;x
upgrade_cow_giant_banners_desc;There can be no doubt as to who is the owner of this building.;;;;;;;;;;;;;;x
upgrade_cow_royal_apartments;Royal Apartments;;;;;;;;;;;;;;x
upgrade_cow_royal_apartments_desc;In case of an important guest, the Royal Apartments will provide the level of comfort expected by any sophisticated ruler.;;;;;;;;;;;;;;x
upgrade_cow_historical_mural;Historical Mural;;;;;;;;;;;;;;x
upgrade_cow_historical_mural_desc;A beautiful mural depicting a scene from the history of your dynasty.;;;;;;;;;;;;;;x
upgrade_cow_lighthouse_custodian;Custodian of the Lighthouse;;;;;;;;;;;;;;x
upgrade_cow_lighthouse_custodian_desc;There is one person who is ultimately in charge of the lighthouse maintenance. At least on paper.;;;;;;;;;;;;;;x
## COW Palatial - Upgrades ##;;;;;;;;;;;;;;;
upgrade_cow_throne_fancy;Fancy Throne Room;;;;;;;;;;;;;;x
upgrade_cow_throne_fancy_desc;Some rulers are happy to settle for a simple metal chair. [Root.GetTitledFirstName] is not just any ruler.;;;;;;;;;;;;;;x
upgrade_cow_trap_door;Trap Door;;;;;;;;;;;;;;x
upgrade_cow_trap_door_desc;A wooden floor hatch, conveniently located right in front of the royal throne, sends a message to any belligerent visitor.;;;;;;;;;;;;;;x
upgrade_cow_royal_bedchamber;Royal Bedchamber;;;;;;;;;;;;;;x
upgrade_cow_royal_bedchamber_desc;An incredibly ostentatious bedroom, fit for nobility.;;;;;;;;;;;;;;x
upgrade_cow_skull_throne;Throne of Skulls;;;;;;;;;;;;;;x
upgrade_cow_skull_throne_desc;A throne made of skulls and bones, supported by a frame of iron.;;;;;;;;;;;;;;x
upgrade_cow_golden_throne;Golden Throne;;;;;;;;;;;;;;x
upgrade_cow_golden_throne_desc;A throne made entirely of gold, not even gilded, just completely gold. What a waste.;;;;;;;;;;;;;;x
upgrade_cow_automata_throne;Automata Throne;;;;;;;;;;;;;;x
upgrade_cow_automata_throne_desc;By some complex machinery this throne can raise itself up and down at will.;;;;;;;;;;;;;;x
upgrade_cow_kl_iron_throne;Iron Throne;;;;;;;;;;;;;;x
upgrade_cow_kl_iron_throne_desc;The Iron Throne is the seat of the Lord of the Seven Kingdoms, and is often used as a metonymic device to refer to the king's authority or to the polity born after Aegon's Conquest. The Iron Throne itself is an asymmetric monstrosity of spikes and jagged edges and twisted metal. The throne was constructed by Aegon I Targaryen from the melted, twisted, beaten, and broken blades surrendered by his enemies, or wrenched from the hands of the dying. According to the songs, it took a thousand blades to make.;;;;;;;;;;;;;;x
upgrade_cow_torture_chamber;Torture Chamber;;;;;;;;;;;;;;x
upgrade_cow_torture_chamber_desc;Best not to ask too many questions, lest you end up here.;;;;;;;;;;;;;;x
upgrade_cow_brewery;Brewery;;;;;;;;;;;;;;x
upgrade_cow_brewery_desc;A brewery to create your own alcohol. While unlikely to turn a profit, it might make you popular.;;;;;;;;;;;;;;x
upgrade_cow_dueling_room;Dueling Room;;;;;;;;;;;;;;x
upgrade_cow_dueling_room_desc;A room dedicated to the practice of one-on-one combat.;;;;;;;;;;;;;;x
upgrade_cow_royal_custodian;Royal Custodian;;;;;;;;;;;;;;x
upgrade_cow_royal_custodian_desc;With nerves of steel and a will of iron the custodian maintains and develops the §YRoyal Palace§!.;;;;;;;;;;;;;;x
upgrade_cow_naval_spectacle;Naval Spectacle;;;;;;;;;;;;;;x
upgrade_cow_naval_spectacle_desc;A massive undertaking allowing the stage to be filled with water for mock naval battles.;;;;;;;;;;;;;;x
upgrade_cow_animal_cages;Animal Cages;;;;;;;;;;;;;;x
upgrade_cow_animal_cages_desc;Allows for battles with exotic beasts, imported from distant lands.;;;;;;;;;;;;;;x
upgrade_cow_hippodrome;Tourney Grounds;;;;;;;;;;;;;;x
upgrade_cow_hippodrome_desc;An attachment to the Amphitheater, for tournaments.;;;;;;;;;;;;;;x
upgrade_cow_amphitheatron_byz;Amphitheatron;;;;;;;;;;;;;;x
upgrade_cow_amphitheatron_byz_desc;An epitome of popular culture, it serves to entertain with great spectacles, lowering the revolt risk.;;;;;;;;;;;;;;x
upgrade_cow_circus_maximus;Circus Maximus;;;;;;;;;;;;;;x
upgrade_cow_circus_maximus_desc;The Circus Maximus (Latin for greatest or largest circus) is an ancient Roman chariot-racing stadium and mass entertainment venue located in Roma. Situated in the valley between the Aventine and Palatine Hills, it was the first and largest stadium in ancient Rome and its later Empire. It measured 621 m (2,037 ft) in length and 118 m (387 ft) in width and could accommodate over 150,000 spectators. In its fully developed form, it became the model for circuses throughout the Roman Empire.;;;;;;;;;;;;;;x
upgrade_cow_training_academy;Training Academy;;;;;;;;;;;;;;x
upgrade_cow_training_academy_desc;An academy to train the fighters who fight in the amphitheater;;;;;;;;;;;;;;x
upgrade_cow_theater_stage;Theater Stage;;;;;;;;;;;;;;x
upgrade_cow_theater_stage_desc;A stage, specifically designed for dramatic readings of poetry and acting.;;;;;;;;;;;;;;x
upgrade_cow_master_of_the_games;Master of the Games;;;;;;;;;;;;;x;
upgrade_cow_master_of_the_games_desc;With a booming voice the Master of the Games can tease forth both cheers and tears, the whole §YAmphitheater§! is their stage and responsibility.;;;;;;;;;;;;;x;
upgrade_cow_fountains;Fountains;;;;;;;;;;;;;;x
upgrade_cow_fountains_desc;Beautiful fountains, attracting small birds, adding to the atmosphere.;;;;;;;;;;;;;;x
upgrade_cow_fountain_of_youth;Fountain of Youth;;;;;;;;;;;;;;x
upgrade_cow_fountain_of_youth_desc;There is an eerie sheen to the water in this well...;;;;;;;;;;;;;;x
upgrade_cow_hanging_gardens;Hanging Gardens;;;;;;;;;;;;;;x
upgrade_cow_hanging_gardens_desc;A marvelous terraced solution to one section of the garden.;;;;;;;;;;;;;;x
upgrade_cow_secluded_groves;Secluded Groves;;;;;;;;;;;;;;x
upgrade_cow_secluded_groves_desc;A place for hiding. Or romance.;;;;;;;;;;;;;;x
upgrade_cow_hidden_burial;Hidden Burial Spot;;;;;;;;;;;;;;x
upgrade_cow_hidden_burial_desc;The sweet smell of flowers and thick undergrowth can hide the darkest of secrets...;;;;;;;;;;;;;;x
upgrade_cow_poisonous_flowers;Poisonous Flowers;;;;;;;;;;;;;;x
upgrade_cow_poisonous_flowers_desc;Delightful, but deadly, the flowers in this garden carry some powerful properties.;;;;;;;;;;;;;;x
upgrade_cow_herb_garden;Herb Garden;;;;;;;;;;;;;;x
upgrade_cow_herb_garden_desc;A well-organized patch of land, showing the dedication of its carer.;;;;;;;;;;;;;;x
upgrade_cow_statues_garden;Garden Statues;;;;;;;;;;;;;;x
upgrade_cow_statues_garden_desc;These elegant statues depict people relaxing, presumably to inspire calm in anyone visiting the garden.;;;;;;;;;;;;;;x
upgrade_cow_vineyard;Vineyard;;;;;;;;;;;;;;x
upgrade_cow_vineyard_desc;A place to grow grapes and make them into wine.;;;;;;;;;;;;;;x
upgrade_cow_pet_graveyard;Pet Graveyard;;;;;;;;;;;;;;x
upgrade_cow_pet_graveyard_desc;A quiet and serene place for all pets to find eternal rest.;;;;;;;;;;;;;;x
upgrade_cow_collection_drama;Poetry and Drama Collection;;;;;;;;;;;;;;x
upgrade_cow_collection_drama_desc;These works reveal the human soul, the meaning of love, and the tragedy of life.;;;;;;;;;;;;;;x
upgrade_cow_collection_architecture;Architecture Collection;;;;;;;;;;;;;;x
upgrade_cow_collection_architecture_desc;The secrets of building great edifices, roads, and bridges are revealed in the classical works of an ancient Archmaester and other recent authors.;;;;;;;;;;;;;;x
upgrade_cow_collection_math;Math and Philosophy Collection;;;;;;;;;;;;;;x
upgrade_cow_collection_math_desc;From the works of Archmaesters, to the most recent treatises on mathematics.;;;;;;;;;;;;;;x
upgrade_cow_collection_history;History Collection;;;;;;;;;;;;;;x
upgrade_cow_collection_history_desc;Manuscripts recording the known history of modern civilization and warfare.;;;;;;;;;;;;;;x
upgrade_cow_collection_science;Natural Sciences Collection;;;;;;;;;;;;;;x
upgrade_cow_collection_science_desc;By reading what many others observed of the world and creatures that live in it we may gain precious knowledge. Is the world actually flat?;;;;;;;;;;;;;;x
upgrade_cow_scribe_room;Scribe Room;;;;;;;;;;;;;;x
upgrade_cow_scribe_room_desc;A room full of scribes, who receive works from all over the world and make copies of them.;;;;;;;;;;;;;;x
upgrade_cow_keeper_of_tomes;Keeper of the Tomes;;;;;;;;;;;;;;x
upgrade_cow_keeper_of_tomes_desc;From old ledgers covered in dust to newly minted pages – all written text needs someone to care for it.;;;;;;;;;;;;;;x
upgrade_cow_great_seminars;Great Seminars;;;;;;;;;;;;;;x
upgrade_cow_great_seminars_desc;A large hall where famous scholars can give public lectures, attracting many attendees.;;;;;;;;;;;;;;x
upgrade_cow_wing_of_diplomacy;Wing of Diplomacy;;;;;;;;;;;;;;x
upgrade_cow_wing_of_diplomacy_desc;The intricate arts of negotiation, rhetoric, and ultimately convincing others of where their best interests lie are taught and practiced here.;;;;;;;;;;;;;;x
upgrade_cow_wing_of_martial;Wing of Strategy;;;;;;;;;;;;;;x
upgrade_cow_wing_of_martial_desc;Here the classic works on history and ancient wars are taught and discussed, as well as old and new treatises on the art of warfare.;;;;;;;;;;;;;;x
upgrade_cow_wing_of_stewardship;Wing of Finance;;;;;;;;;;;;;;x
upgrade_cow_wing_of_stewardship_desc;The principles of accounting, finance, and economics are taught here.;;;;;;;;;;;;;;x
upgrade_cow_wing_of_intrigue;Wing of Secrets;;;;;;;;;;;;;;x
upgrade_cow_wing_of_intrigue_desc;From what plants to use for making deadly concoctions to the art of cipher, all that a budding spy needs to know is taught here.;;;;;;;;;;;;;;x
upgrade_cow_wing_of_learning;Wing of Theology;;;;;;;;;;;;;;x
upgrade_cow_wing_of_learning_desc;Here the foundations of logic and mathematics are taught, as well as physics, metaphysics, and the scriptures.;;;;;;;;;;;;;;x
upgrade_cow_guardian_of_knowledge;Guardian of Knowledge;;;;;;;;;;;;;;x
upgrade_cow_guardian_of_knowledge_desc;Responsible for everything inside the §YUniversity's§! walls, this title brings with it both gravitas and responsibility.;;;;;;;;;;;;;;x
upgrade_cow_statues_dead;Statues of the Dead;;;;;;;;;;;;;;x
upgrade_cow_statues_dead_desc;The long-gone relatives of [Root.GetTitledFirstName] can be found standing witness to the passing of time, in the dark corridors of the Mausoleum.;;;;;;;;;;;;;;x
upgrade_cow_eternal_flame;Eternal Flame;;;;;;;;;;;;;;x
upgrade_cow_eternal_flame_desc;The Eternal Flame is constantly tended, to ensure it never goes out.;;;;;;;;;;;;;;x
upgrade_cow_unmarked_tombs;Unmarked Tombs;;;;;;;;;;;;;;x
upgrade_cow_unmarked_tombs_desc;It is unclear who these tombs were made for, but rumor has it you can sometimes hear voices from within.;;;;;;;;;;;;;;x
upgrade_cow_quadriga_statue;Quadriga Statue;;;;;;;;;;;;;;x
upgrade_cow_quadriga_statue_desc;This statue depicts four horses pulling a chariot.;;;;;;;;;;;;;;x
upgrade_cow_keeper_of_the_dead;Keeper of the Dead;;;;;;;;;;;;;;x
upgrade_cow_keeper_of_the_dead_desc;Appointed as the one responsible for the eternal rest of the dead in the mausoleum is the Keeper of the Dead.;;;;;;;;;;;;;;x
upgrade_cow_horse_graveyard;Horse Graveyard;;;;;;;;;;;;;;x
upgrade_cow_horse_graveyard_desc;A dedicated place for your beloved horses to rest forever more.;;;;;;;;;;;;;;x
upgrade_cow_runestones;Rune Stones;;;;;;;;;;;;;;x
upgrade_cow_runestones_desc;In memory of beloved family members, the stones show intricate patterns and markings, inspiring deep respect for its craftsmen.;;;;;;;;;;;;;;x
upgrade_cow_stone_custodian;Custodian of the Stone;;;;;;;;;;;;;;x
upgrade_cow_stone_custodian_desc;Steady as a rock, and with immovable discipline, the custodian is responsible for the care of the stones.;;;;;;;;;;;;;;x
upgrade_cow_more_stones;More Stones;;;;;;;;;;;;;;x
upgrade_cow_more_stones_desc;The colossal monoliths of this construction already inspire both awe and admiration – imagine the impact of even more stones!;;;;;;;;;;;;;;x
upgrade_cow_extra_pyramids;Extra Pyramids;;;;;;;;;;;;;;x
upgrade_cow_extra_pyramids_desc;Outside of the main Pyramid two smaller, yet similar, monuments can be found. They are said to be resting place of the ones most dear to [Root.GetTitledFirstName].;;;;;;;;;;;;;;x
upgrade_cow_mythological_beast;[Root.GetMythologicalBeast];;;;;;;;;;;;;;x
upgrade_cow_mythological_beast_desc;Perhaps a monument to [Root.GetTitledName] [Root.GetHerselfHimself], the statue is mostly reminiscent of a famous beast.;;;;;;;;;;;;;;x
upgrade_cow_hidden_room;Hidden Room;;;;;;;;;;;;;;x
upgrade_cow_hidden_room_desc;These rooms do not appear to be a part of the original plans for the Great Pyramid...;;;;;;;;;;;;;;x
upgrade_cow_necropolis;Necropolis;;;;;;;;;;;;;;x
upgrade_cow_necropolis_desc;Within the Great Pyramid, surrounded by silence and the passing of time, there is a whole underground city for the dead.;;;;;;;;;;;;;;x
upgrade_cow_traps;Traps;;;;;;;;;;;;;;x
upgrade_cow_traps_desc;Considering the pyramid is a lot like a giant sign proclaiming where to find valuables, [Root.GetTitledFirstName] is rumored to have designed a number of intricate traps to scare off grave-robbers.;;;;;;;;;;;;;;x
upgrade_cow_lime_stone_casing;Lime Stone Casing;;;;;;;;;;;;;;x
upgrade_cow_lime_stone_casing_desc;The surface of this pyramid is exceptionally smooth, and when it reflects the sun, it sometimes looks like it is emitting a light of its own.;;;;;;;;;;;;;;x
upgrade_cow_overseer_of_rites;Overseer of the Rites;;;;;;;;;;;;;;x
upgrade_cow_overseer_of_rites_desc;Appointed as the one with ultimate authority over all rites executed within the pyramid's walls the Overseer of Rites carry both authority and responsibility upon their shoulders.;;;;;;;;;;;;;;x
;;;;;;;;;;;;;;;
;;;;;;;;;;;;;;;
;;;;;;;;;;;;;;;
;;;;;;;;;;;;;;;
;;;;;;;;;;;;;;;
;;;;;;;;;;;;;;;
;;;;;;;;;;;;;;;
;;;;;;;;;;;;;;;
;;;;;;;;;;;;;;;
;;;;;;;;;;;;;;;
;;;;;;;;;;;;;;;
;;;;;;;;;;;;;;;
;;;;;;;;;;;;;;;
;;;;;;;;;;;;;;;
;;;;;;;;;;;;;;;x
;;;;;;;;;;;;;;;x
;;;;;;;;;;;;;;;x
